BotCount,Zip
1,01007
1,01010
1,01013
1,01069
1,01083
1,01108
1,01118
1,01128
1,01129
1,01240
1,01266
1,01301
1,01354
1,01364
1,01375
1,01460
1,01473
1,01475
1,01510
1,01523
1,01524
1,01540
1,01588
1,01590
1,01602
1,01605
1,01610
1,01701
1,01721
1,01730
1,01741
1,01776
1,01803
1,01835
1,01863
1,01867
1,01887
1,01915
1,01949
1,02019
1,02021
1,02025
1,02026
1,02043
1,02048
1,02052
1,02066
1,02114
1,02125
1,02128
1,02134
1,02138
1,02141
1,02170
1,02191
1,02203
1,02338
1,02375
1,02420
1,02446
1,02460
1,02462
1,02532
1,02542
1,02561
1,02601
1,02632
1,02635
1,02644
1,02645
1,02648
1,02653
1,02660
1,02664
1,02668
1,02738
1,02766
1,02769
1,02770
1,02790
1,02808
1,02830
1,02832
1,02852
1,02871
1,02889
1,02896
1,03051
1,03055
1,03057
1,03070
1,03076
1,03106
1,03109
1,03110
1,03222
1,03224
1,03244
1,03249
1,03281
1,03443
1,03458
1,03561
1,03603
1,03813
1,03814
1,03818
1,03824
1,03836
1,03848
1,03857
1,03886
1,03906
1,03911
1,04030
1,04039
1,04049
1,04055
1,04096
1,04224
1,04236
1,04250
1,04254
1,04255
1,04257
1,04261
1,04280
1,04281
1,04364
1,04428
1,04444
1,04462
1,04463
1,04468
1,04474
1,04539
1,04693
1,04732
1,04938
1,04947
1,04966
1,04967
1,04989
1,05001
1,05061
1,05089
1,05091
1,05155
1,05250
1,05446
1,05478
1,05491
1,05655
1,05679
1,05743
1,05851
1,05853
1,05860
1,06001
1,06016
1,06043
1,06066
1,06068
1,06070
1,06073
1,06078
1,06117
1,06120
1,06226
1,06237
1,06238
1,06250
1,06260
1,06268
1,06357
1,06379
1,06382
1,06401
1,06410
1,06412
1,06419
1,06475
1,06477
1,06479
1,06498
1,06512
1,06524
1,06607
1,06608
1,06611
1,06615
1,06716
1,06751
1,06786
1,06830
1,06906
1,07006
1,07009
1,07012
1,07014
1,07022
1,07029
1,07031
1,07034
1,07043
1,07044
1,07045
1,07046
1,07078
1,07079
1,07082
1,07086
1,07092
1,07108
1,07112
1,07204
1,07205
1,07305
1,07401
1,07421
1,07438
1,07444
1,07446
1,07450
1,07513
1,07522
1,07603
1,07607
1,07624
1,07628
1,07630
1,07641
1,07642
1,07645
1,07656
1,07660
1,07661
1,07677
1,07701
1,07716
1,07732
1,07733
1,07734
1,07737
1,07750
1,07751
1,07756
1,07758
1,07762
1,07827
1,07830
1,07852
1,07857
1,07921
1,07940
1,07945
1,07974
1,07981
1,08002
1,08005
1,08008
1,08022
1,08027
1,08039
1,08048
1,08049
1,08061
1,08069
1,08079
1,08085
1,08090
1,08091
1,08097
1,08103
1,08106
1,08107
1,08202
1,08210
1,08226
1,08244
1,08322
1,08502
1,08512
1,08514
1,08515
1,08530
1,08533
1,08550
1,08554
1,08562
1,08611
1,08691
1,08755
1,08809
1,08820
1,08852
1,08853
1,08865
1,08867
1,08902
1,10006
1,10014
1,10017
1,10036
1,10037
1,10309
1,10312
1,10474
1,10514
1,10523
1,10577
1,10589
1,10591
1,10594
1,10707
1,10709
1,10918
1,10924
1,10925
1,10930
1,10960
1,10962
1,10970
1,10989
1,10994
1,11001
1,11010
1,11042
1,11217
1,11228
1,11357
1,11362
1,11366
1,11416
1,11423
1,11426
1,11436
1,11507
1,11557
1,11558
1,11559
1,11565
1,11579
1,11713
1,11714
1,11718
1,11742
1,11747
1,11764
1,11768
1,11786
1,11790
1,11792
1,11797
1,11798
1,11932
1,11937
1,11949
1,11952
1,11955
1,11965
1,11980
1,12018
1,12025
1,12033
1,12053
1,12074
1,12077
1,12086
1,12094
1,12095
1,12117
1,12118
1,12122
1,12123
1,12153
1,12154
1,12156
1,12157
1,12182
1,12210
1,12211
1,12468
1,12494
1,12498
1,12501
1,12522
1,12524
1,12540
1,12546
1,12566
1,12570
1,12571
1,12580
1,12758
1,12814
1,12828
1,12883
1,12884
1,12930
1,12932
1,12974
1,12992
1,12996
1,13031
1,13036
1,13037
1,13041
1,13060
1,13071
1,13076
1,13112
1,13131
1,13132
1,13148
1,13206
1,13208
1,13317
1,13332
1,13363
1,13365
1,13367
1,13408
1,13425
1,13439
1,13459
1,13461
1,13691
1,13697
1,13750
1,13778
1,13788
1,13815
1,13865
1,14001
1,14036
1,14043
1,14052
1,14070
1,14201
1,14207
1,14209
1,14233
1,14303
1,14464
1,14510
1,14591
1,14611
1,14612
1,14618
1,14625
1,14709
1,14733
1,14814
1,14846
1,14903
1,15009
1,15017
1,15033
1,15066
1,15071
1,15110
1,15136
1,15140
1,15201
1,15202
1,15213
1,15216
1,15218
1,15224
1,15229
1,15233
1,15234
1,15241
1,15431
1,15461
1,15628
1,15668
1,15687
1,15714
1,15717
1,15728
1,15734
1,15748
1,15853
1,15857
1,15901
1,15906
1,15926
1,15931
1,15943
1,15944
1,16037
1,16055
1,16056
1,16063
1,16105
1,16134
1,16201
1,16242
1,16254
1,16316
1,16345
1,16403
1,16412
1,16507
1,16510
1,16678
1,16701
1,16915
1,17044
1,17078
1,17082
1,17241
1,17260
1,17304
1,17347
1,17349
1,17363
1,17579
1,17584
1,17724
1,17815
1,17830
1,17844
1,17857
1,17921
1,17954
1,17959
1,17965
1,18015
1,18018
1,18031
1,18034
1,18036
1,18051
1,18066
1,18069
1,18072
1,18088
1,18101
1,18202
1,18229
1,18232
1,18328
1,18353
1,18403
1,18443
1,18452
1,18465
1,18472
1,18510
1,18610
1,18651
1,18661
1,18702
1,18707
1,18848
1,18902
1,18929
1,18960
1,19001
1,19002
1,19008
1,19015
1,19022
1,19034
1,19046
1,19054
1,19056
1,19057
1,19070
1,19075
1,19078
1,19081
1,19087
1,19096
1,19102
1,19107
1,19122
1,19125
1,19126
1,19139
1,19150
1,19153
1,19330
1,19333
1,19335
1,19348
1,19350
1,19352
1,19401
1,19405
1,19426
1,19440
1,19462
1,19525
1,19533
1,19540
1,19562
1,19602
1,19606
1,19608
1,19703
1,19804
1,19809
1,19810
1,19947
1,19952
1,20010
1,20106
1,20115
1,20132
1,20148
1,20152
1,20164
1,20171
1,20186
1,20187
1,20190
1,20619
1,20634
1,20639
1,20678
1,20705
1,20707
1,20715
1,20720
1,20732
1,20735
1,20751
1,20774
1,20779
1,20783
1,20785
1,20853
1,20855
1,20872
1,20876
1,20877
1,20878
1,20912
1,21015
1,21032
1,21042
1,21050
1,21085
1,21087
1,21111
1,21136
1,21146
1,21157
1,21163
1,21202
1,21209
1,21211
1,21213
1,21216
1,21223
1,21286
1,21613
1,21617
1,21619
1,21638
1,21639
1,21645
1,21655
1,21666
1,21704
1,21711
1,21755
1,21758
1,21793
1,21874
1,21918
1,22039
1,22043
1,22046
1,22079
1,22101
1,22150
1,22180
1,22182
1,22206
1,22305
1,22308
1,22309
1,22311
1,22312
1,22443
1,22448
1,22476
1,22482
1,22539
1,22546
1,22556
1,22664
1,22709
1,22712
1,22742
1,22824
1,22827
1,22902
1,22911
1,22963
1,22968
1,23011
1,23059
1,23069
1,23071
1,23085
1,23089
1,23093
1,23102
1,23109
1,23111
1,23113
1,23114
1,23126
1,23140
1,23175
1,23180
1,23181
1,23192
1,23229
1,23237
1,23294
1,23314
1,23502
1,23505
1,23523
1,23663
1,23842
1,23847
1,23962
1,23970
1,24012
1,24017
1,24019
1,24085
1,24091
1,24147
1,24151
1,24228
1,24237
1,24243
1,24441
1,24477
1,24486
1,24549
1,24550
1,24558
1,24588
1,24592
1,24605
1,24631
1,24641
1,24870
1,25035
1,25071
1,25083
1,25265
1,25303
1,25304
1,25311
1,25312
1,25425
1,25427
1,25430
1,25443
1,25504
1,25506
1,25508
1,25625
1,25880
1,26037
1,26041
1,26104
1,26170
1,26187
1,26330
1,26362
1,26415
1,26443
1,26508
1,26541
1,26807
1,26836
1,26884
1,27007
1,27018
1,27021
1,27041
1,27214
1,27217
1,27349
1,27407
1,27455
1,27539
1,27560
1,27563
1,27569
1,27603
1,27604
1,27614
1,27703
1,27712
1,27801
1,27830
1,27966
1,27983
1,28021
1,28104
1,28134
1,28138
1,28139
1,28163
1,28206
1,28270
1,28303
1,28315
1,28372
1,28382
1,28391
1,28422
1,28425
1,28445
1,28457
1,28460
1,28463
1,28466
1,28470
1,28512
1,28547
1,28560
1,28570
1,28572
1,28574
1,28604
1,28609
1,28624
1,28642
1,28673
1,28689
1,28690
1,28692
1,28698
1,28704
1,28711
1,28713
1,28721
1,28729
1,28730
1,28732
1,28739
1,28751
1,28754
1,28762
1,28766
1,28768
1,28778
1,28786
1,28789
1,28805
1,28901
1,29006
1,29009
1,29036
1,29044
1,29053
1,29067
1,29070
1,29108
1,29123
1,29302
1,29325
1,29385
1,29401
1,29410
1,29420
1,29450
1,29453
1,29472
1,29488
1,29492
1,29555
1,29572
1,29574
1,29601
1,29624
1,29627
1,29631
1,29638
1,29669
1,29671
1,29690
1,29691
1,29727
1,29728
1,29842
1,29851
1,29860
1,29944
1,29945
1,30008
1,30011
1,30035
1,30060
1,30067
1,30082
1,30087
1,30097
1,30102
1,30106
1,30107
1,30110
1,30124
1,30161
1,30179
1,30204
1,30228
1,30268
1,30277
1,30303
1,30312
1,30314
1,30329
1,30341
1,30360
1,30415
1,30417
1,30441
1,30455
1,30474
1,30504
1,30506
1,30518
1,30534
1,30535
1,30549
1,30738
1,30747
1,30752
1,31002
1,31023
1,31024
1,31035
1,31047
1,31078
1,31092
1,31220
1,31315
1,31331
1,31516
1,31523
1,31539
1,31543
1,31569
1,31605
1,31620
1,31632
1,31639
1,31714
1,31757
1,31772
1,31775
1,31780
1,31790
1,31807
1,31901
1,32055
1,32080
1,32086
1,32095
1,32127
1,32130
1,32134
1,32217
1,32226
1,32317
1,32328
1,32340
1,32347
1,32403
1,32408
1,32413
1,32446
1,32465
1,32504
1,32507
1,32653
1,32656
1,32713
1,32735
1,32736
1,32773
1,32778
1,32804
1,32805
1,32833
1,32836
1,32901
1,32920
1,32951
1,32952
1,32963
1,32976
1,33037
1,33128
1,33149
1,33173
1,33187
1,33304
1,33308
1,33314
1,33325
1,33328
1,33330
1,33408
1,33415
1,33435
1,33440
1,33473
1,33493
1,33525
1,33527
1,33538
1,33566
1,33567
1,33570
1,33584
1,33598
1,33602
1,33606
1,33637
1,33705
1,33706
1,33716
1,33756
1,33760
1,33764
1,33837
1,33838
1,33839
1,33850
1,33890
1,33904
1,33908
1,33913
1,33935
1,34104
1,34105
1,34109
1,34145
1,34237
1,34241
1,34275
1,34288
1,34291
1,34428
1,34431
1,34442
1,34448
1,34453
1,34474
1,34480
1,34481
1,34482
1,34655
1,34667
1,34688
1,34690
1,34951
1,34974
1,34983
1,35004
1,35005
1,35022
1,35043
1,35044
1,35045
1,35054
1,35058
1,35071
1,35080
1,35112
1,35114
1,35120
1,35126
1,35128
1,35131
1,35133
1,35146
1,35172
1,35180
1,35209
1,35212
1,35244
1,35404
1,35501
1,35541
1,35603
1,35674
1,35740
1,35747
1,35748
1,35760
1,35769
1,35773
1,35802
1,35952
1,35954
1,35968
1,36053
1,36064
1,36089
1,36104
1,36105
1,36108
1,36110
1,36272
1,36320
1,36340
1,36343
1,36362
1,36445
1,36467
1,36505
1,36507
1,36541
1,36549
1,36551
1,36561
1,36575
1,36576
1,36582
1,36604
1,36612
1,36748
1,36756
1,36804
1,36856
1,36874
1,36875
1,36877
1,36879
1,37043
1,37061
1,37062
1,37069
1,37073
1,37082
1,37086
1,37096
1,37129
1,37148
1,37166
1,37180
1,37187
1,37188
1,37216
1,37303
1,37317
1,37323
1,37324
1,37341
1,37347
1,37351
1,37354
1,37362
1,37373
1,37407
1,37409
1,37416
1,37617
1,37705
1,37716
1,37738
1,37742
1,37757
1,37764
1,37772
1,37807
1,37821
1,37849
1,37857
1,37860
1,37890
1,37914
1,37922
1,38008
1,38011
1,38019
1,38052
1,38058
1,38059
1,38119
1,38126
1,38138
1,38237
1,38340
1,38351
1,38449
1,38460
1,38469
1,38477
1,38481
1,38486
1,38506
1,38551
1,38553
1,38556
1,38558
1,38573
1,38581
1,38583
1,38674
1,38762
1,38829
1,38858
1,38866
1,38870
1,38915
1,39044
1,39059
1,39074
1,39090
1,39119
1,39150
1,39216
1,39272
1,39327
1,39426
1,39429
1,39437
1,39465
1,39525
1,39553
1,39565
1,39577
1,39601
1,39666
1,39762
1,39862
1,40019
1,40033
1,40045
1,40051
1,40143
1,40203
1,40207
1,40211
1,40212
1,40213
1,40217
1,40220
1,40228
1,40243
1,40330
1,40337
1,40342
1,40402
1,40504
1,40514
1,40806
1,40906
1,40962
1,41014
1,41031
1,41039
1,41048
1,41059
1,41073
1,41097
1,41101
1,41102
1,41129
1,41139
1,41179
1,41222
1,41224
1,41230
1,41240
1,41250
1,41514
1,41640
1,41647
1,41653
1,41701
1,41826
1,41831
1,41858
1,42029
1,42050
1,42055
1,42056
1,42064
1,42086
1,42103
1,42122
1,42134
1,42166
1,42211
1,42328
1,42345
1,42635
1,42728
1,43013
1,43019
1,43045
1,43054
1,43061
1,43062
1,43072
1,43080
1,43110
1,43148
1,43164
1,43201
1,43222
1,43223
1,43231
1,43314
1,43460
1,43465
1,43526
1,43537
1,43571
1,43609
1,43723
1,43724
1,43758
1,43762
1,43822
1,43832
1,43964
1,44022
1,44026
1,44041
1,44047
1,44050
1,44056
1,44067
1,44090
1,44105
1,44110
1,44112
1,44119
1,44131
1,44138
1,44140
1,44202
1,44233
1,44241
1,44253
1,44254
1,44273
1,44287
1,44305
1,44412
1,44413
1,44425
1,44429
1,44481
1,44502
1,44612
1,44614
1,44618
1,44624
1,44633
1,44638
1,44643
1,44644
1,44647
1,44662
1,44667
1,44672
1,44710
1,44807
1,44822
1,44827
1,44839
1,44841
1,44846
1,44847
1,44851
1,45050
1,45066
1,45107
1,45121
1,45150
1,45154
1,45206
1,45227
1,45232
1,45246
1,45305
1,45306
1,45312
1,45368
1,45383
1,45387
1,45433
1,45619
1,45628
1,45661
1,45697
1,45760
1,45806
1,45807
1,45817
1,45828
1,45844
1,45856
1,45865
1,45895
1,46013
1,46017
1,46039
1,46074
1,46112
1,46120
1,46121
1,46123
1,46124
1,46140
1,46163
1,46204
1,46216
1,46218
1,46225
1,46236
1,46250
1,46303
1,46322
1,46323
1,46341
1,46349
1,46356
1,46385
1,46403
1,46404
1,46408
1,46517
1,46536
1,46615
1,46617
1,46619
1,46637
1,46701
1,46711
1,46714
1,46721
1,46732
1,46774
1,46804
1,46845
1,46923
1,46929
1,46933
1,46938
1,46975
1,46996
1,47001
1,47018
1,47106
1,47111
1,47119
1,47129
1,47145
1,47302
1,47334
1,47338
1,47342
1,47424
1,47436
1,47438
1,47452
1,47541
1,47562
1,47579
1,47581
1,47586
1,47620
1,47635
1,47639
1,47712
1,47713
1,47951
1,47992
1,48001
1,48009
1,48033
1,48035
1,48040
1,48065
1,48069
1,48070
1,48076
1,48083
1,48095
1,48109
1,48134
1,48137
1,48139
1,48144
1,48158
1,48164
1,48173
1,48176
1,48189
1,48201
1,48203
1,48204
1,48205
1,48221
1,48227
1,48238
1,48309
1,48341
1,48348
1,48356
1,48360
1,48375
1,48421
1,48429
1,48441
1,48442
1,48449
1,48473
1,48616
1,48617
1,48622
1,48626
1,48651
1,48655
1,48657
1,48723
1,48725
1,48813
1,48821
1,48836
1,48837
1,48848
1,48850
1,48890
1,48895
1,48910
1,48911
1,48933
1,49001
1,49032
1,49050
1,49057
1,49058
1,49068
1,49106
1,49202
1,49241
1,49270
1,49285
1,49286
1,49302
1,49305
1,49321
1,49323
1,49327
1,49331
1,49404
1,49408
1,49437
1,49444
1,49456
1,49457
1,49461
1,49546
1,49631
1,49659
1,49665
1,49677
1,49690
1,49721
1,49740
1,49769
1,49849
1,49878
1,49908
1,50009
1,50036
1,50044
1,50120
1,50122
1,50129
1,50156
1,50213
1,50219
1,50220
1,50237
1,50310
1,50311
1,50313
1,50321
1,50438
1,50449
1,50456
1,50475
1,50530
1,50548
1,50588
1,50595
1,50605
1,50641
1,50659
1,50662
1,50666
1,50674
1,50676
1,50833
1,51005
1,51012
1,51023
1,51050
1,51055
1,51106
1,51201
1,51230
1,51241
1,51248
1,51250
1,51334
1,51360
1,51445
1,51455
1,51466
1,51541
1,51549
1,51557
1,51570
1,51579
1,51630
1,52003
1,52041
1,52057
1,52060
1,52069
1,52070
1,52136
1,52154
1,52157
1,52172
1,52205
1,52208
1,52216
1,52249
1,52254
1,52310
1,52313
1,52320
1,52333
1,52339
1,52349
1,52361
1,52403
1,52544
1,52553
1,52556
1,52637
1,52654
1,52727
1,52731
1,52747
1,52753
1,52756
1,52772
1,53014
1,53018
1,53020
1,53027
1,53042
1,53080
1,53089
1,53092
1,53095
1,53097
1,53115
1,53120
1,53121
1,53122
1,53140
1,53156
1,53158
1,53179
1,53189
1,53191
1,53205
1,53214
1,53216
1,53222
1,53226
1,53233
1,53402
1,53538
1,53550
1,53559
1,53583
1,53597
1,53805
1,53811
1,53813
1,53821
1,53941
1,53948
1,53952
1,53955
1,53959
1,53963
1,54005
1,54014
1,54017
1,54020
1,54025
1,54124
1,54139
1,54154
1,54174
1,54205
1,54229
1,54235
1,54409
1,54422
1,54428
1,54440
1,54455
1,54566
1,54616
1,54634
1,54721
1,54733
1,54736
1,54737
1,54739
1,54755
1,54758
1,54761
1,54762
1,54767
1,54821
1,54839
1,54847
1,54889
1,54970
1,54979
1,55014
1,55016
1,55024
1,55025
1,55027
1,55065
1,55077
1,55105
1,55119
1,55121
1,55126
1,55130
1,55301
1,55305
1,55311
1,55313
1,55355
1,55359
1,55362
1,55364
1,55369
1,55371
1,55373
1,55378
1,55396
1,55398
1,55403
1,55414
1,55417
1,55420
1,55427
1,55444
1,55446
1,55447
1,55449
1,55719
1,55720
1,55733
1,55734
1,55744
1,55803
1,55805
1,55810
1,55812
1,55924
1,55936
1,55956
1,55963
1,56011
1,56024
1,56055
1,56071
1,56081
1,56082
1,56111
1,56131
1,56168
1,56208
1,56218
1,56222
1,56240
1,56270
1,56292
1,56310
1,56320
1,56329
1,56332
1,56334
1,56340
1,56347
1,56349
1,56368
1,56379
1,56453
1,56468
1,56473
1,56479
1,56481
1,56501
1,56535
1,56540
1,56544
1,56551
1,56554
1,56560
1,56568
1,56570
1,56576
1,56623
1,56633
1,56701
1,56714
1,56715
1,56758
1,56762
1,56763
1,57014
1,57029
1,57030
1,57034
1,57046
1,57064
1,57068
1,57070
1,57107
1,57108
1,57217
1,57262
1,57325
1,57345
1,57349
1,57363
1,57385
1,57427
1,57468
1,57580
1,57702
1,57717
1,57747
1,57754
1,57759
1,58031
1,58102
1,58257
1,58329
1,58351
1,58352
1,58436
1,58458
1,58460
1,58476
1,58492
1,58495
1,58503
1,58544
1,58572
1,58573
1,59063
1,59079
1,59225
1,59241
1,59401
1,59425
1,59457
1,59718
1,59725
1,59729
1,59803
1,59923
1,59927
1,60005
1,60020
1,60021
1,60022
1,60048
1,60053
1,60071
1,60083
1,60089
1,60103
1,60104
1,60108
1,60134
1,60136
1,60152
1,60156
1,60174
1,60191
1,60193
1,60410
1,60416
1,60417
1,60422
1,60428
1,60429
1,60435
1,60439
1,60441
1,60447
1,60449
1,60455
1,60463
1,60471
1,60475
1,60476
1,60478
1,60480
1,60517
1,60520
1,60523
1,60525
1,60526
1,60532
1,60542
1,60565
1,60601
1,60604
1,60613
1,60623
1,60636
1,60641
1,60644
1,60646
1,60651
1,60712
1,60913
1,60958
1,60960
1,60970
1,61013
1,61020
1,61041
1,61049
1,61053
1,61060
1,61072
1,61115
1,61241
1,61262
1,61275
1,61281
1,61282
1,61318
1,61342
1,61345
1,61349
1,61370
1,61377
1,61410
1,61450
1,61455
1,61486
1,61491
1,61517
1,61530
1,61533
1,61546
1,61561
1,61565
1,61723
1,61724
1,61738
1,61742
1,61745
1,61752
1,61753
1,61813
1,61818
1,61843
1,61844
1,61851
1,61874
1,61876
1,61883
1,61932
1,61951
1,62016
1,62049
1,62056
1,62062
1,62075
1,62095
1,62223
1,62230
1,62233
1,62249
1,62260
1,62262
1,62275
1,62288
1,62293
1,62321
1,62352
1,62363
1,62411
1,62420
1,62441
1,62447
1,62467
1,62501
1,62513
1,62520
1,62522
1,62557
1,62565
1,62568
1,62628
1,62675
1,62711
1,62812
1,62822
1,62899
1,62903
1,62946
1,62960
1,63050
1,63051
1,63070
1,63104
1,63105
1,63109
1,63114
1,63117
1,63122
1,63125
1,63128
1,63138
1,63146
1,63301
1,63343
1,63383
1,63447
1,63555
1,63664
1,63703
1,63755
1,63771
1,63841
1,63857
1,63863
1,63877
1,63942
1,64037
1,64062
1,64067
1,64085
1,64112
1,64124
1,64153
1,64428
1,64466
1,64633
1,64701
1,64735
1,64772
1,64834
1,64843
1,64844
1,64850
1,64856
1,64865
1,64867
1,65020
1,65049
1,65066
1,65336
1,65340
1,65473
1,65536
1,65613
1,65668
1,65754
1,65775
1,65779
1,65806
1,66006
1,66018
1,66025
1,66058
1,66067
1,66075
1,66083
1,66086
1,66090
1,66092
1,66106
1,66111
1,66204
1,66207
1,66220
1,66221
1,66226
1,66414
1,66439
1,66442
1,66508
1,66512
1,66552
1,66606
1,66618
1,66712
1,66720
1,66748
1,66767
1,66769
1,66861
1,66901
1,67010
1,67039
1,67107
1,67127
1,67133
1,67146
1,67152
1,67156
1,67203
1,67211
1,67213
1,67349
1,67353
1,67420
1,67422
1,67428
1,67432
1,67443
1,67460
1,67490
1,67550
1,67665
1,67669
1,67839
1,67855
1,67861
1,67880
1,67951
1,68048
1,68067
1,68071
1,68110
1,68111
1,68118
1,68128
1,68131
1,68136
1,68144
1,68154
1,68157
1,68164
1,68355
1,68367
1,68436
1,68465
1,68467
1,68504
1,68507
1,68516
1,68733
1,68736
1,68779
1,68781
1,68826
1,68847
1,68879
1,68901
1,68954
1,68979
1,68980
1,68982
1,70006
1,70053
1,70087
1,70124
1,70342
1,70363
1,70374
1,70420
1,70422
1,70433
1,70452
1,70460
1,70471
1,70512
1,70518
1,70533
1,70544
1,70584
1,70607
1,70630
1,70634
1,70648
1,70734
1,70739
1,70749
1,70774
1,70788
1,70820
1,71019
1,71024
1,71033
1,71037
1,71052
1,71075
1,71104
1,71119
1,71232
1,71269
1,71280
1,71301
1,71351
1,71366
1,71449
1,71483
1,71485
1,71630
1,71638
1,71639
1,71653
1,71654
1,71744
1,71747
1,71801
1,71852
1,71929
1,71941
1,71949
1,72016
1,72022
1,72103
1,72160
1,72207
1,72212
1,72223
1,72335
1,72351
1,72354
1,72364
1,72365
1,72417
1,72419
1,72432
1,72434
1,72454
1,72476
1,72512
1,72521
1,72529
1,72562
1,72616
1,72704
1,72714
1,72904
1,72908
1,73013
1,73025
1,73028
1,73036
1,73053
1,73069
1,73096
1,73109
1,73118
1,73119
1,73129
1,73139
1,73430
1,73438
1,73527
1,73566
1,73644
1,73645
1,73646
1,73737
1,73742
1,73945
1,73950
1,74044
1,74056
1,74070
1,74128
1,74132
1,74135
1,74347
1,74352
1,74464
1,74543
1,74827
1,74937
1,74953
1,75019
1,75022
1,75028
1,75032
1,75035
1,75041
1,75056
1,75082
1,75088
1,75104
1,75110
1,75146
1,75167
1,75182
1,75189
1,75201
1,75205
1,75207
1,75208
1,75212
1,75219
1,75230
1,75232
1,75248
1,75249
1,75401
1,75407
1,75418
1,75426
1,75428
1,75442
1,75474
1,75491
1,75494
1,75571
1,75638
1,75644
1,75645
1,75667
1,75683
1,75686
1,75750
1,75755
1,75845
1,75956
1,76009
1,76012
1,76016
1,76043
1,76048
1,76050
1,76065
1,76085
1,76103
1,76104
1,76105
1,76109
1,76117
1,76132
1,76177
1,76209
1,76210
1,76309
1,76374
1,76401
1,76424
1,76437
1,76448
1,76501
1,76513
1,76520
1,76527
1,76531
1,76541
1,76543
1,76554
1,76567
1,76634
1,76655
1,76667
1,76692
1,76821
1,76834
1,76844
1,76862
1,76871
1,76936
1,77002
1,77004
1,77005
1,77006
1,77009
1,77016
1,77017
1,77020
1,77035
1,77036
1,77045
1,77053
1,77055
1,77058
1,77063
1,77064
1,77065
1,77066
1,77069
1,77070
1,77072
1,77076
1,77079
1,77085
1,77088
1,77095
1,77099
1,77331
1,77345
1,77357
1,77360
1,77369
1,77418
1,77450
1,77484
1,77488
1,77504
1,77511
1,77518
1,77539
1,77591
1,77598
1,77611
1,77612
1,77656
1,77659
1,77664
1,77708
1,77713
1,78016
1,78055
1,78070
1,78076
1,78114
1,78203
1,78217
1,78219
1,78224
1,78261
1,78336
1,78355
1,78361
1,78373
1,78408
1,78417
1,78537
1,78578
1,78605
1,78606
1,78642
1,78643
1,78644
1,78653
1,78717
1,78729
1,78733
1,78734
1,78739
1,78754
1,78861
1,78934
1,78949
1,78956
1,79009
1,79022
1,79029
1,79052
1,79106
1,79117
1,79225
1,79248
1,79316
1,79339
1,79364
1,79370
1,79412
1,79415
1,79424
1,79516
1,79525
1,79601
1,79602
1,79603
1,79703
1,79707
1,79714
1,79731
1,79756
1,79830
1,79837
1,79924
1,79932
1,79938
1,79942
1,80003
1,80004
1,80007
1,80010
1,80014
1,80026
1,80120
1,80124
1,80126
1,80134
1,80210
1,80220
1,80232
1,80233
1,80246
1,80260
1,80303
1,80427
1,80461
1,80465
1,80504
1,80513
1,80524
1,80528
1,80534
1,80550
1,80601
1,80640
1,80644
1,80653
1,80720
1,80759
1,80808
1,80815
1,80831
1,80836
1,80903
1,80910
1,80918
1,80920
1,81007
1,81413
1,81422
1,81507
1,81601
1,81621
1,81623
1,81631
1,82007
1,82240
1,82432
1,82443
1,82520
1,82716
1,82842
1,82931
1,82935
1,83001
1,83114
1,83212
1,83246
1,83276
1,83401
1,83544
1,83617
1,83623
1,83634
1,83651
1,83661
1,83669
1,83709
1,83849
1,84010
1,84014
1,84017
1,84032
1,84041
1,84078
1,84098
1,84106
1,84107
1,84109
1,84111
1,84116
1,84121
1,84302
1,84318
1,84333
1,84337
1,84404
1,84535
1,84601
1,84620
1,84623
1,84627
1,84651
1,84654
1,84663
1,84701
1,84725
1,84741
1,85021
1,85023
1,85033
1,85034
1,85041
1,85086
1,85132
1,85284
1,85297
1,85303
1,85306
1,85340
1,85346
1,85350
1,85351
1,85377
1,85387
1,85390
1,85541
1,85613
1,85622
1,85643
1,85648
1,85653
1,85710
1,85713
1,85716
1,85743
1,85755
1,85942
1,86040
1,86047
1,86301
1,86322
1,86323
1,86327
1,86334
1,86406
1,86413
1,86434
1,87013
1,87035
1,87043
1,87104
1,87110
1,87113
1,87506
1,88045
1,88061
1,88130
1,88301
1,89011
1,89012
1,89130
1,89131
1,89135
1,89141
1,89144
1,89146
1,89149
1,89169
1,89405
1,89406
1,89433
1,89441
1,89449
1,89460
1,89501
1,89502
1,89508
1,89706
1,90013
1,90015
1,90016
1,90017
1,90020
1,90029
1,90047
1,90049
1,90061
1,90063
1,90066
1,90067
1,90077
1,90079
1,90211
1,90254
1,90265
1,90272
1,90293
1,90303
1,90405
1,90502
1,90601
1,90602
1,90603
1,90604
1,90712
1,90720
1,90732
1,90803
1,90806
1,90808
1,90810
1,90813
1,90814
1,90815
1,91001
1,91103
1,91201
1,91203
1,91204
1,91301
1,91303
1,91320
1,91401
1,91403
1,91436
1,91602
1,91605
1,91606
1,91722
1,91732
1,91741
1,91745
1,91780
1,91790
1,91792
1,91801
1,91932
1,92026
1,92059
1,92075
1,92078
1,92116
1,92211
1,92231
1,92233
1,92254
1,92317
1,92322
1,92337
1,92410
1,92411
1,92505
1,92507
1,92551
1,92584
1,92586
1,92602
1,92620
1,92624
1,92629
1,92651
1,92662
1,92707
1,92821
1,92860
1,92866
1,92868
1,92870
1,93010
1,93041
1,93063
1,93110
1,93210
1,93283
1,93292
1,93305
1,93313
1,93405
1,93427
1,93428
1,93433
1,93458
1,93460
1,93501
1,93505
1,93510
1,93534
1,93535
1,93551
1,93636
1,93637
1,93662
1,93701
1,93901
1,93924
1,93933
1,93953
1,93960
1,94010
1,94015
1,94040
1,94103
1,94105
1,94109
1,94117
1,94118
1,94121
1,94123
1,94134
1,94503
1,94505
1,94506
1,94525
1,94556
1,94572
1,94579
1,94588
1,94595
1,94603
1,94607
1,94608
1,94621
1,94703
1,94901
1,94952
1,95003
1,95017
1,95018
1,95033
1,95050
1,95054
1,95062
1,95064
1,95065
1,95066
1,95073
1,95076
1,95118
1,95124
1,95126
1,95131
1,95140
1,95205
1,95219
1,95223
1,95242
1,95252
1,95330
1,95351
1,95354
1,95356
1,95361
1,95370
1,95403
1,95425
1,95458
1,95490
1,95519
1,95546
1,95614
1,95621
1,95640
1,95648
1,95650
1,95662
1,95681
1,95683
1,95713
1,95815
1,95816
1,95820
1,95821
1,95825
1,95841
1,95864
1,95926
1,95928
1,95945
1,95969
1,95975
1,96007
1,96013
1,96028
1,96032
1,96093
1,96094
1,96743
1,96749
1,96762
1,96766
1,96782
1,96813
1,96821
1,96825
1,96826
1,97005
1,97014
1,97015
1,97042
1,97068
1,97086
1,97127
1,97132
1,97141
1,97205
1,97209
1,97211
1,97212
1,97215
1,97216
1,97224
1,97229
1,97302
1,97304
1,97306
1,97330
1,97331
1,97341
1,97348
1,97404
1,97417
1,97423
1,97424
1,97439
1,97503
1,97523
1,97525
1,97754
1,97756
1,97865
1,98004
1,98008
1,98012
1,98020
1,98022
1,98024
1,98028
1,98031
1,98032
1,98045
1,98055
1,98065
1,98087
1,98102
1,98106
1,98112
1,98119
1,98126
1,98148
1,98168
1,98188
1,98198
1,98201
1,98223
1,98248
1,98257
1,98272
1,98292
1,98333
1,98338
1,98367
1,98368
1,98371
1,98377
1,98383
1,98405
1,98422
1,98444
1,98465
1,98498
1,98513
1,98516
1,98532
1,98541
1,98550
1,98577
1,98579
1,98584
1,98601
1,98648
1,98665
1,98683
1,98685
1,98816
1,98948
1,99019
1,99111
1,99119
1,99123
1,99206
1,99401
1,99501
1,99502
1,99574
1,99603
1,99611
1,99615
1,99636
1,99685
1,99702
1,99705
1,99747
1,99760
1,99765
1,99820
1,99835
1,99901
2,01020
2,01035
2,01056
2,01095
2,01220
2,01270
2,01331
2,01373
2,01463
2,01519
2,01562
2,01568
2,01581
2,01603
2,01824
2,01852
2,01880
2,01902
2,02072
2,02081
2,02116
2,02126
2,02145
2,02188
2,02302
2,02324
2,02382
2,02453
2,02458
2,02481
2,02492
2,02554
2,02563
2,02568
2,02631
2,02657
2,02673
2,02739
2,02745
2,02760
2,02804
2,02818
2,02864
2,02881
2,03045
2,03079
2,03102
2,03264
2,03276
2,03285
2,03303
2,03431
2,03574
2,03593
2,03743
2,03811
2,03825
2,03851
2,03878
2,03882
2,03894
2,04002
2,04027
2,04038
2,04043
2,04046
2,04064
2,04071
2,04072
2,04093
2,04210
2,04239
2,04268
2,04270
2,04344
2,04346
2,04461
2,04481
2,04743
2,04766
2,04843
2,04917
2,04937
2,04958
2,05403
2,05452
2,05495
2,05641
2,05735
2,05819
2,06019
2,06057
2,06062
2,06084
2,06095
2,06096
2,06239
2,06255
2,06281
2,06355
2,06371
2,06405
2,06413
2,06415
2,06418
2,06426
2,06484
2,06702
2,06710
2,06712
2,06754
2,06770
2,06811
2,06812
2,06825
2,06877
2,06896
2,07016
2,07020
2,07040
2,07070
2,07073
2,07076
2,07090
2,07102
2,07107
2,07304
2,07420
2,07432
2,07436
2,07458
2,07502
2,07506
2,07524
2,07631
2,07648
2,07650
2,07652
2,07662
2,07719
2,07720
2,07722
2,07746
2,07828
2,07871
2,07874
2,07927
2,07928
2,07936
2,08010
2,08031
2,08051
2,08083
2,08088
2,08098
2,08221
2,08230
2,08234
2,08251
2,08260
2,08361
2,08501
2,08520
2,08629
2,08638
2,08801
2,08805
2,08828
2,08833
2,08835
2,08904
2,10012
2,10305
2,10306
2,10504
2,10507
2,10510
2,10516
2,10530
2,10533
2,10590
2,10603
2,10705
2,10803
2,10941
2,10954
2,10965
2,10980
2,10987
2,10990
2,11021
2,11101
2,11369
2,11379
2,11411
2,11419
2,11429
2,11554
2,11563
2,11581
2,11596
2,11693
2,11694
2,11702
2,11715
2,11733
2,11738
2,11741
2,11754
2,11776
2,11780
2,11782
2,11788
2,11791
2,11793
2,11795
2,11940
2,11944
2,11961
2,11978
2,12015
2,12019
2,12052
2,12066
2,12075
2,12110
2,12134
2,12207
2,12208
2,12302
2,12414
2,12481
2,12538
2,12545
2,12548
2,12569
2,12572
2,12581
2,12589
2,12822
2,12834
2,12839
2,12921
2,12946
2,13044
2,13114
2,13204
2,13212
2,13219
2,13309
2,13326
2,13413
2,13421
2,13480
2,13617
2,13619
2,13642
2,13660
2,13790
2,13830
2,13903
2,13905
2,14006
2,14062
2,14141
2,14208
2,14210
2,14215
2,14218
2,14220
2,14225
2,14301
2,14445
2,14485
2,14521
2,14522
2,14526
2,14534
2,14569
2,14589
2,14590
2,14608
2,14613
2,14715
2,14787
2,14810
2,14871
2,14891
2,15003
2,15005
2,15025
2,15062
2,15063
2,15065
2,15101
2,15106
2,15139
2,15204
2,15205
2,15206
2,15232
2,15419
2,15541
2,15613
2,15801
2,15902
2,15904
2,16022
2,16025
2,16033
2,16041
2,16046
2,16066
2,16127
2,16214
2,16503
2,16506
2,16601
2,16602
2,16686
2,16901
2,16933
2,17019
2,17025
2,17030
2,17061
2,17067
2,17314
2,17361
2,17370
2,17517
2,17540
2,17552
2,17740
2,17847
2,17963
2,17976
2,17980
2,18032
2,18042
2,18049
2,18078
2,18080
2,18337
2,18424
2,18436
2,18617
2,18657
2,18847
2,18930
2,18951
2,18966
2,19023
2,19026
2,19032
2,19044
2,19047
2,19055
2,19086
2,19090
2,19094
2,19095
2,19119
2,19121
2,19131
2,19135
2,19144
2,19344
2,19406
2,19468
2,19518
2,19526
2,19604
2,19609
2,19706
2,19707
2,19802
2,19930
2,19960
2,19975
2,20003
2,20007
2,20008
2,20016
2,20036
2,20111
2,20120
2,20636
2,20650
2,20664
2,20695
2,20716
2,20724
2,20748
2,20772
2,20781
2,20814
2,20815
2,20854
2,21001
2,21014
2,21075
2,21084
2,21108
2,21113
2,21114
2,21128
2,21154
2,21158
2,21215
2,21217
2,21227
2,21231
2,21236
2,21250
2,21403
2,21532
2,21601
2,21643
2,21788
2,21801
2,21842
2,22015
2,22508
2,22520
2,22534
2,22551
2,22835
2,22942
2,22960
2,23024
2,23060
2,23112
2,23117
2,23231
2,23238
2,23321
2,23324
2,23513
2,23517
2,23608
2,23661
2,23803
2,23832
2,24014
2,24134
2,24142
2,24175
2,24211
2,24273
2,24354
2,24382
2,24572
2,24630
2,24637
2,24740
2,25039
2,25276
2,25438
2,25523
2,25840
2,25917
2,26181
2,26241
2,26416
2,26426
2,26452
2,26570
2,26651
2,26726
2,27023
2,27025
2,27027
2,27028
2,27052
2,27205
2,27262
2,27263
2,27312
2,27370
2,27376
2,27521
2,27522
2,27546
2,27565
2,27577
2,27596
2,27610
2,27948
2,27949
2,28075
2,28128
2,28170
2,28208
2,28211
2,28306
2,28338
2,28365
2,28401
2,28433
2,28444
2,28447
2,28462
2,28465
2,28613
2,28621
2,28663
2,28665
2,28681
2,28714
2,28716
2,28734
2,28906
2,29045
2,29102
2,29180
2,29323
2,29340
2,29369
2,29376
2,29379
2,29388
2,29405
2,29449
2,29505
2,29527
2,29569
2,29571
2,29611
2,29628
2,29646
2,29649
2,29662
2,29670
2,29707
2,29710
2,29715
2,29845
2,29906
2,29928
2,30068
2,30114
2,30121
2,30122
2,30143
2,30269
2,30291
2,30306
2,30308
2,30319
2,30324
2,30336
2,30339
2,30436
2,30536
2,30643
2,30701
2,30707
2,30905
2,31005
2,31030
2,31061
2,31308
2,31312
2,31513
2,31522
2,31548
2,31553
2,31601
2,31643
2,31750
2,31779
2,31788
2,31804
2,31831
2,31833
2,32043
2,32063
2,32137
2,32169
2,32179
2,32224
2,32258
2,32327
2,32348
2,32351
2,32459
2,32466
2,32506
2,32550
2,32561
2,32569
2,32578
2,32643
2,32803
2,32819
2,32821
2,32829
2,32903
2,32937
2,33018
2,33027
2,33028
2,33029
2,33050
2,33122
2,33138
2,33141
2,33147
2,33160
2,33166
2,33172
2,33176
2,33180
2,33301
2,33315
2,33322
2,33327
2,33428
2,33431
2,33433
2,33449
2,33458
2,33461
2,33534
2,33549
2,33556
2,33558
2,33559
2,33572
2,33573
2,33613
2,33625
2,33629
2,33634
2,33701
2,33707
2,33710
2,33711
2,33755
2,33773
2,33777
2,33809
2,33815
2,33825
2,33901
2,33928
2,33931
2,34102
2,34120
2,34135
2,34207
2,34219
2,34449
2,34470
2,34472
2,34484
2,34613
2,34652
2,34685
2,34731
2,34786
2,34788
2,34946
2,34950
2,35016
2,35031
2,35062
2,35094
2,35224
2,35226
2,35473
2,35633
2,35640
2,35739
2,35806
2,35904
2,35953
2,35972
2,36016
2,36025
2,36093
2,36201
2,36277
2,36526
2,36542
2,36610
2,36618
2,37027
2,37029
2,37083
2,37091
2,37146
2,37160
2,37186
2,37207
2,37215
2,37338
2,37363
2,37381
2,37398
2,37659
2,37737
2,37752
2,37763
2,37771
2,37841
2,37871
2,37877
2,37923
2,38017
2,38125
2,38139
2,38242
2,38468
2,38555
2,38570
2,38663
2,38821
2,38843
2,39073
2,39154
2,39564
2,39567
2,39581
2,39702
2,39730
2,39773
2,39842
2,40014
2,40215
2,40258
2,40291
2,40509
2,40769
2,41051
2,41056
2,41075
2,41301
2,41314
2,41522
2,42066
2,42127
2,42164
2,42261
2,42330
2,42503
2,43011
2,43202
2,43214
2,43220
2,43229
2,43338
2,43351
2,43435
2,43616
2,43764
2,43906
2,43912
2,43950
2,43952
2,44011
2,44012
2,44017
2,44023
2,44044
2,44095
2,44117
2,44128
2,44129
2,44130
2,44133
2,44149
2,44215
2,44223
2,44224
2,44255
2,44301
2,44408
2,44483
2,44514
2,44608
2,44641
2,44654
2,44657
2,44676
2,44705
2,44708
2,44714
2,44813
2,45036
2,45142
2,45209
2,45225
2,45239
2,45243
2,45247
2,45344
2,45381
2,45390
2,45410
2,45419
2,45431
2,45502
2,45504
2,45647
2,45669
2,45719
2,45784
2,45804
2,45810
2,45830
2,45833
2,45850
2,45871
2,45880
2,46001
2,46033
2,46041
2,46131
2,46135
2,46151
2,46168
2,46214
2,46219
2,46220
2,46268
2,46310
2,46345
2,46373
2,46534
2,46613
2,46725
2,46733
2,46767
2,46792
2,46809
2,46815
2,46835
2,46992
2,47122
2,47165
2,47167
2,47348
2,47456
2,47501
2,47542
2,47546
2,47670
2,47720
2,47725
2,47804
2,47872
2,47909
2,48038
2,48039
2,48094
2,48116
2,48117
2,48122
2,48138
2,48160
2,48178
2,48184
2,48187
2,48210
2,48230
2,48234
2,48239
2,48306
2,48314
2,48316
2,48317
2,48335
2,48350
2,48367
2,48390
2,48413
2,48415
2,48507
2,48529
2,48640
2,48656
2,48730
2,48809
2,48811
2,48843
2,48864
2,48880
2,49024
2,49030
2,49065
2,49080
2,49090
2,49093
2,49266
2,49284
2,49428
2,49504
2,49508
2,49643
2,49686
2,49707
2,49720
2,49735
2,49801
2,49837
2,49870
2,50112
2,50226
2,50258
2,50265
2,50266
2,50322
2,50428
2,50622
2,50627
2,50644
2,50648
2,51030
2,51046
2,51054
2,51301
2,51346
2,51442
2,51450
2,51521
2,52002
2,52073
2,52159
2,52175
2,52228
2,52246
2,52531
2,52627
2,53007
2,53022
2,53045
2,53073
2,53094
2,53105
2,53132
2,53149
2,53172
2,53185
2,53190
2,53207
2,53212
2,53213
2,53403
2,53534
2,53560
2,53562
2,53566
2,53715
2,53716
2,53950
2,54011
2,54016
2,54211
2,54301
2,54304
2,54486
2,54499
2,54501
2,54615
2,54669
2,54701
2,54806
2,54812
2,54843
2,55008
2,55021
2,55057
2,55075
2,55104
2,55118
2,55128
2,55347
2,55349
2,55404
2,55406
2,55418
2,55426
2,55429
2,55430
2,55436
2,55448
2,55944
2,55955
2,56007
2,56031
2,56085
2,56093
2,56156
2,56187
2,56241
2,56258
2,56283
2,56374
2,56441
2,56484
2,56567
2,56621
2,56726
2,57005
2,57042
2,57350
2,57430
2,57438
2,57469
2,57703
2,57785
2,58075
2,58078
2,58237
2,58301
2,58356
2,58523
2,58701
2,59047
2,59105
2,59330
2,59602
2,59840
2,59860
2,60002
2,60030
2,60061
2,60068
2,60074
2,60087
2,60090
2,60093
2,60097
2,60123
2,60142
2,60143
2,60175
2,60185
2,60401
2,60406
2,60425
2,60446
2,60448
2,60457
2,60458
2,60464
2,60477
2,60481
2,60505
2,60521
2,60534
2,60546
2,60554
2,60560
2,60564
2,60605
2,60607
2,60639
2,60645
2,60653
2,60706
2,60714
2,61063
2,61101
2,61114
2,61238
2,61361
2,61483
2,61520
2,61537
2,61548
2,61550
2,61614
2,61615
2,61739
2,61764
2,61822
2,61920
2,62010
2,62205
2,62208
2,62226
2,62305
2,62341
2,62401
2,62450
2,62454
2,62626
2,62821
2,62881
2,62901
2,63005
2,63026
2,63031
2,63068
2,63103
2,63108
2,63130
2,63132
2,63139
2,63385
2,63559
2,64012
2,64024
2,64029
2,64030
2,64089
2,64113
2,64468
2,64601
2,64730
2,64759
2,64801
2,65560
2,65707
2,65730
2,65746
2,65810
2,66044
2,66049
2,66109
2,66208
2,66216
2,66547
2,66610
2,66616
2,66701
2,66713
2,66762
2,67002
2,67037
2,67208
2,67410
2,67487
2,67642
2,67831
2,67860
2,67871
2,67901
2,68038
2,68061
2,68106
2,68117
2,68130
2,68714
2,68716
2,68725
2,68810
2,68845
2,68930
2,70062
2,70094
2,70114
2,70115
2,70343
2,70346
2,70403
2,70461
2,70466
2,70532
2,70546
2,70754
2,70760
2,70802
2,70807
2,70818
2,71115
2,71292
2,71603
2,71742
2,72002
2,72024
2,72042
2,72088
2,72118
2,72202
2,72342
2,72370
2,72404
2,72416
2,72543
2,72635
2,72687
2,72703
2,72715
2,72740
2,72756
2,72901
2,72916
2,73005
2,73008
2,73075
2,73077
2,73080
2,73115
2,73130
2,73463
2,74003
2,74008
2,74017
2,74023
2,74108
2,74145
2,74342
2,74462
2,74631
2,74733
2,74743
2,74955
2,75044
2,75070
2,75087
2,75093
2,75115
2,75134
2,75165
2,75211
2,75214
2,75218
2,75228
2,75238
2,75604
2,75672
2,75707
2,75773
2,75785
2,75803
2,75835
2,75901
2,76011
2,76039
2,76051
2,76058
2,76119
2,76137
2,76262
2,76310
2,76384
2,76450
2,76460
2,76504
2,76528
2,76579
2,76643
2,76877
2,76950
2,77019
2,77028
2,77038
2,77044
2,77081
2,77090
2,77318
2,77327
2,77336
2,77339
2,77351
2,77377
2,77386
2,77401
2,77437
2,77550
2,77563
2,77578
2,77629
2,77807
2,78040
2,78102
2,78202
2,78225
2,78229
2,78234
2,78238
2,78253
2,78362
2,78374
2,78412
2,78552
2,78586
2,78602
2,78612
2,78621
2,78626
2,78629
2,78634
2,78641
2,78645
2,78705
2,78737
2,78746
2,78756
2,79065
2,79118
2,79413
2,79556
2,79782
2,79902
2,79907
2,80015
2,80027
2,80031
2,80033
2,80104
2,80113
2,80202
2,80214
2,80221
2,80222
2,80226
2,80227
2,80249
2,80487
2,80543
2,80611
2,80909
2,81004
2,81005
2,81144
2,81611
2,81650
2,82072
2,82414
2,82420
2,82501
2,82609
2,82633
2,82834
2,83201
2,83241
2,83252
2,83263
2,83318
2,83340
2,83467
2,83605
2,83714
2,83835
2,83837
2,83858
2,83864
2,84050
2,84054
2,84060
2,84096
2,84105
2,84123
2,84321
2,84326
2,84339
2,84647
2,84660
2,84771
2,84783
2,85003
2,85006
2,85015
2,85018
2,85022
2,85031
2,85037
2,85040
2,85043
2,85054
2,85202
2,85283
2,85353
2,85383
2,85704
2,85711
2,85718
2,86001
2,86326
2,87031
2,87107
2,87123
2,87301
2,88001
2,88201
2,88203
2,88312
2,88401
2,89074
2,89104
2,89106
2,89108
2,89118
2,89191
2,89503
2,89509
2,89701
2,90022
2,90023
2,90026
2,90028
2,90033
2,90058
2,90069
2,90210
2,90232
2,90240
2,90249
2,90260
2,90270
2,90623
2,90638
2,90703
2,90717
2,90740
2,91030
2,91042
2,91106
2,91107
2,91321
2,91352
2,91360
2,91364
2,91367
2,91377
2,91406
2,91604
2,91701
2,91706
2,91762
2,91763
2,91784
2,91791
2,91803
2,91902
2,91915
2,91978
2,92008
2,92014
2,92056
2,92057
2,92081
2,92119
2,92120
2,92127
2,92128
2,92223
2,92277
2,92374
2,92392
2,92503
2,92563
2,92595
2,92596
2,92614
2,92627
2,92663
2,92675
2,92705
2,92802
2,92805
2,92832
2,93001
2,93004
2,93012
2,93101
2,93221
2,93257
2,93280
2,93309
2,93311
2,93449
2,93455
2,93630
2,93657
2,93706
2,93906
2,94019
2,94030
2,94044
2,94061
2,94066
2,94102
2,94112
2,94127
2,94401
2,94518
2,94542
2,94547
2,94552
2,94559
2,94561
2,94598
2,94601
2,94605
2,94611
2,94949
2,94954
2,94960
2,94965
2,95120
2,95134
2,95249
2,95341
2,95367
2,95387
2,95388
2,95422
2,95448
2,95482
2,95501
2,95603
2,95660
2,95661
2,95677
2,95688
2,95695
2,95757
2,95765
2,95946
2,95959
2,95991
2,96122
2,96707
2,96717
2,96753
2,96778
2,96789
2,96815
2,97032
2,97034
2,97045
2,97051
2,97123
2,97124
2,97140
2,97213
2,97303
2,97383
2,97459
2,97478
2,97501
2,97520
2,97741
2,97838
2,98002
2,98007
2,98034
2,98047
2,98068
2,98072
2,98074
2,98105
2,98208
2,98225
2,98258
2,98275
2,98282
2,98311
2,98328
2,98382
2,98388
2,98404
2,98406
2,98407
2,98409
2,98445
2,98466
2,98503
2,98506
2,98528
2,98563
2,98569
2,98592
2,98607
2,98631
2,98682
2,98802
2,98823
2,98841
2,99181
2,99216
2,99403
2,99664
2,99703
2,99762
3,01057
3,01082
3,01106
3,01119
3,01247
3,01507
3,01520
3,01757
3,01760
3,01830
3,01832
3,01843
3,01876
3,01904
3,02132
3,02136
3,02144
3,02149
3,02150
3,02184
3,02186
3,02332
3,02370
3,02474
3,02476
3,02478
3,02806
3,02888
3,02911
3,02915
3,03031
3,03782
3,03909
3,04021
3,04074
3,04605
3,04736
3,04915
3,05301
3,05468
3,06010
3,06032
3,06033
3,06098
3,06118
3,06340
3,06437
3,06443
3,06473
3,06480
3,06488
3,06705
3,06804
3,06824
3,07094
3,07456
3,07512
3,07604
3,07718
3,07731
3,07866
3,07882
3,07950
3,08043
3,08066
3,08087
3,08094
3,08223
3,08302
3,08724
3,08812
3,08863
3,08879
3,10009
3,10013
3,10024
3,10026
3,10028
3,10035
3,10506
3,10512
3,10552
3,10605
3,10710
3,10956
3,11004
3,11030
3,11040
3,11239
3,11361
3,11418
3,11427
3,11432
3,11501
3,11518
3,11566
3,11701
3,11716
3,11735
3,11751
3,11755
3,11762
3,11767
3,11779
3,11946
3,11967
3,12188
3,12203
3,12204
3,12477
3,12561
3,12754
3,12771
3,12775
3,12850
3,12871
3,12986
3,13088
3,13092
3,13203
3,13205
3,13340
3,13350
3,14042
3,14047
3,14065
3,14214
3,14223
3,14454
3,14468
3,14472
3,14505
3,14519
3,14530
3,14564
3,14624
3,14870
3,15012
3,15022
3,15102
3,15120
3,15122
3,15137
3,15146
3,15211
3,15215
3,15217
3,15221
3,15227
3,15469
3,15501
3,15650
3,15656
3,15658
3,15767
3,16125
3,16137
3,16226
3,16354
3,16365
3,16417
3,16428
3,16508
3,16509
3,17055
3,17057
3,17070
3,17236
3,17316
3,17948
3,18013
3,18052
3,18067
3,18102
3,18222
3,18411
3,18464
3,18470
3,18504
3,18822
3,18964
3,18969
3,19123
3,19132
3,19145
3,19148
3,19355
3,19446
3,19454
3,19510
3,19522
3,19610
3,19709
3,19711
3,19805
3,19939
3,19958
3,19963
3,20011
3,20147
3,20176
3,20603
3,20659
3,20743
3,20745
3,20784
3,20832
3,21009
3,21040
3,21043
3,21044
3,21133
3,21229
3,21620
3,22031
3,22152
3,22201
3,22202
3,22315
3,22560
3,22701
3,23005
3,23009
3,23063
3,23225
3,23454
3,23462
3,23601
3,23693
3,23704
3,23805
3,23831
3,24073
3,24141
3,24219
3,24277
3,24293
3,24426
3,24502
3,24551
3,24651
3,25028
3,25414
3,25570
3,26105
3,26201
3,26617
3,27409
3,27501
3,27516
3,27517
3,27573
3,27613
3,27896
3,27958
3,28090
3,28107
3,28173
3,28203
3,28205
3,28262
3,28278
3,28320
3,28326
3,28328
3,28387
3,28390
3,28516
3,28630
3,28718
3,28785
3,28806
3,29020
3,29207
3,29210
3,29212
3,29301
3,29334
3,29365
3,29455
3,29456
3,29510
3,29512
3,29520
3,29576
3,29588
3,29605
3,29617
3,29678
3,29680
3,29801
3,30004
3,30005
3,30030
3,30041
3,30064
3,30075
3,30134
3,30168
3,30189
3,30213
3,30233
3,30253
3,30294
3,30297
3,30318
3,30328
3,30338
3,30439
3,30513
3,30673
3,30824
3,31015
3,31036
3,31211
3,31305
3,31535
3,31566
3,31709
3,31904
3,32003
3,32097
3,32128
3,32209
3,32210
3,32309
3,32428
3,32457
3,32501
3,32701
3,32708
3,32720
3,32732
3,32751
3,32766
3,32776
3,32779
3,32824
3,32922
3,32926
3,32958
3,33020
3,33068
3,33073
3,33133
3,33137
3,33145
3,33150
3,33162
3,33167
3,33175
3,33193
3,33309
3,33312
3,33324
3,33326
3,33401
3,33410
3,33617
3,33618
3,33620
3,33702
3,33704
3,33770
3,33827
3,33830
3,33896
3,33990
3,34110
3,34141
3,34208
3,34209
3,34432
3,34461
3,34473
3,34491
3,34669
3,34741
3,34743
3,34744
3,34759
3,34982
3,34987
3,35121
3,35215
3,35406
3,35750
3,35761
3,35816
3,35950
3,36022
3,36037
3,36092
3,36203
3,36303
3,36322
3,36532
3,36609
3,36693
3,36695
3,36744
3,36865
3,37128
3,37138
3,37311
3,37321
3,37377
3,37380
3,37405
3,37411
3,37544
3,37601
3,37616
3,37686
3,37745
3,37801
3,37862
3,37876
3,37917
3,37931
3,38002
3,38060
3,38063
3,38112
3,38372
3,38478
3,38614
3,38677
3,38804
3,38834
3,38863
3,38901
3,38967
3,39202
3,39211
3,39556
3,39701
3,39815
3,39817
3,40165
3,40206
3,40223
3,40245
3,40336
3,40356
3,40361
3,40515
3,40831
3,40965
3,41008
3,41017
3,41076
3,41465
3,42025
3,42087
3,42303
3,42320
3,42718
3,43004
3,43035
3,43085
3,43113
3,43138
3,43213
3,43219
3,43331
3,43431
3,43558
3,43619
3,43783
3,44070
3,44111
3,44121
3,44132
3,44217
3,44221
3,44313
3,44314
3,44333
3,44444
3,44615
3,44685
3,44805
3,44830
3,44904
3,45056
3,45216
3,45220
3,45242
3,45244
3,45304
3,45327
3,45404
3,45406
3,45420
3,45449
3,45638
3,45692
3,45714
3,45729
3,45764
3,45875
3,45885
3,45891
3,46032
3,46173
3,46176
3,46202
3,46222
3,46241
3,46321
3,46342
3,46526
3,46530
3,46545
3,46614
3,46703
3,46706
3,46805
3,46825
3,46953
3,47250
3,47303
3,47710
3,47834
3,47933
3,48030
3,48089
3,48103
3,48150
3,48152
3,48168
3,48170
3,48207
3,48237
3,48307
3,48312
3,48346
3,48362
3,48825
3,48854
3,49010
3,49078
3,49418
3,49503
3,49505
3,49525
3,49893
3,49920
3,49938
3,49946
3,50010
3,50014
3,50056
3,50125
3,50212
3,50316
3,50320
3,50461
3,50703
3,51433
3,51632
3,52052
3,52101
3,52301
3,52317
3,52577
3,52748
3,52778
3,53110
3,53147
3,53181
3,53223
3,53225
3,53404
3,53546
3,53551
3,53706
3,53711
3,53714
3,53719
3,54115
3,54130
3,54143
3,54729
3,54840
3,54981
3,55082
3,55112
3,55117
3,55308
3,55309
3,55316
3,55350
3,55372
3,55407
3,55408
3,55411
3,55412
3,55422
3,55438
3,55792
3,55902
3,55939
3,56003
3,56101
3,56367
3,56482
3,56510
3,56537
3,57252
3,57369
3,57783
3,58072
3,58552
3,58623
3,59711
3,59801
3,60013
3,60062
3,60067
3,60076
3,60099
3,60119
3,60124
3,60131
3,60137
3,60164
3,60172
3,60178
3,60188
3,60302
3,60415
3,60423
3,60438
3,60443
3,60445
3,60459
3,60465
3,60482
3,60515
3,60559
3,60563
3,60610
3,60614
3,60630
3,60656
3,60659
3,60707
3,60803
3,61008
3,61032
3,61071
3,61111
3,61264
3,61701
3,61727
3,61761
3,61802
3,62206
3,62221
3,62294
3,62618
3,62644
3,62650
3,62839
3,62896
3,62918
3,62948
3,62966
3,63028
3,63043
3,63049
3,63123
3,63141
3,63303
3,63459
3,63501
3,64055
3,64106
3,64111
3,64129
3,64132
3,64155
3,64503
3,64804
3,65101
3,65583
3,65738
3,65804
3,66061
3,66062
3,66103
3,66203
3,66205
3,66212
3,66223
3,67060
3,67114
3,67301
3,67337
3,67835
3,67842
3,68123
3,68124
3,68127
3,68135
3,68410
3,68505
3,68506
3,70001
3,70364
3,70526
3,70730
3,70767
3,70817
3,71047
3,71105
3,71118
3,71655
3,71837
3,71909
3,71913
3,71964
3,72058
3,72112
3,72113
3,72348
3,72801
3,73034
3,73106
3,73120
3,73159
3,73162
3,73521
3,73701
3,73801
3,73942
3,74033
3,74129
3,74134
3,74136
3,74401
3,74429
3,74523
3,74604
3,74745
3,75007
3,75020
3,75052
3,75071
3,75080
3,75090
3,75202
3,75224
3,75244
3,75254
3,75605
3,75654
3,75801
3,76006
3,76033
3,76082
3,76108
3,76201
3,76825
3,77024
3,77039
3,77040
3,77041
3,77061
3,77062
3,77082
3,77083
3,77098
3,77373
3,77378
3,77381
3,77388
3,77396
3,77505
3,77568
3,77571
3,77627
3,77657
3,77833
3,78006
3,78023
3,78043
3,78212
3,78237
3,78239
3,78414
3,78418
3,78520
3,78541
3,78580
3,78589
3,78611
3,78676
3,78681
3,78722
3,78751
3,78801
3,79015
3,79045
3,79416
3,79705
3,79745
3,79934
3,80021
3,80022
3,80108
3,80138
3,80218
3,80403
3,80435
3,80538
3,80817
3,81067
3,81101
3,81301
3,81625
3,82070
3,82718
3,83642
3,83647
3,83686
3,83815
3,84058
3,84062
3,84067
3,84074
3,84118
3,84767
3,84770
3,84790
3,85203
3,85204
3,85209
3,85213
3,85234
3,85249
3,85255
3,85375
3,85381
3,85621
3,85641
3,85650
3,86004
3,86315
3,86404
3,87114
3,87120
3,87499
3,88240
3,89002
3,89122
3,89142
3,89408
3,90001
3,90002
3,90005
3,90011
3,90025
3,90027
3,90038
3,90245
3,90255
3,90277
3,90278
3,90403
3,90501
3,90630
3,90640
3,90713
3,90744
3,90745
3,90805
3,91007
3,91040
3,91205
3,91302
3,91324
3,91326
3,91340
3,91343
3,91405
3,91709
3,91731
3,91733
3,91754
3,91767
3,91773
3,91901
3,92021
3,92103
3,92118
3,92130
3,92139
3,92251
3,92270
3,92313
3,92352
3,92509
3,92522
3,92591
3,92637
3,92646
3,92647
3,92656
3,92692
3,92801
3,92831
3,92833
3,93245
3,93263
3,93291
3,93420
3,93631
3,93654
3,93723
3,93726
3,94014
3,94025
3,94043
3,94062
3,94070
3,94131
3,94303
3,94404
3,94507
3,94510
3,94549
3,94564
3,94580
3,94606
3,94609
3,94806
3,94903
3,95123
3,95132
3,95207
3,95307
3,95348
3,95376
3,95437
3,95472
3,95521
3,95589
3,95630
3,95667
3,95682
3,95746
3,96019
3,96817
3,97062
3,97202
3,97206
3,97219
3,97223
3,97266
3,97325
3,97355
3,97385
3,97405
3,98001
3,98027
3,98038
3,98101
3,98155
3,98204
3,98335
3,98662
3,98942
3,99004
3,99143
3,99301
3,99503
3,99505
3,99573
3,99587
3,99669
3,99709
3,99723
4,01104
4,01550
4,01742
4,01821
4,01930
4,02115
4,02143
4,02176
4,02346
4,02356
4,02536
4,02571
4,02649
4,02719
4,02747
4,02809
4,02840
4,02865
4,02879
4,02908
4,03451
4,04062
4,04084
4,04090
4,04092
4,04274
4,04276
4,04345
4,04609
4,04841
4,04957
4,05401
4,06002
4,06029
4,06037
4,06111
4,06468
4,06483
4,06514
4,06704
4,06708
4,06840
4,07032
4,07042
4,07065
4,07066
4,07069
4,07208
4,07306
4,07405
4,07461
4,07666
4,07728
4,07764
4,07849
4,07850
4,07860
4,07885
4,08016
4,08033
4,08034
4,08050
4,08057
4,08109
4,08225
4,08330
4,08510
4,08536
4,08540
4,08618
4,08873
4,10004
4,10010
4,10018
4,10039
4,10044
4,10301
4,10511
4,10570
4,10579
4,10580
4,10703
4,10708
4,11218
4,11356
4,11358
4,11360
4,11374
4,11414
4,11570
4,11576
4,11577
4,11692
4,11722
4,11727
4,11729
4,11777
4,11778
4,11803
4,11950
4,11964
4,12047
4,12308
4,12515
4,12533
4,12534
4,12801
4,13104
4,13142
4,13165
4,13166
4,13207
4,13215
4,13669
4,13849
4,14086
4,14127
4,14213
4,14304
4,14411
4,14420
4,14437
4,14513
4,14901
4,15090
4,15133
4,15610
4,15666
4,15963
4,16002
4,16146
4,16301
4,16652
4,16803
4,16866
4,17032
4,17033
4,17036
4,17112
4,17268
4,17408
4,17821
4,17866
4,18071
4,18201
4,18444
4,19036
4,19038
4,19061
4,19083
4,19114
4,19115
4,19130
4,19320
4,19380
4,19464
4,19506
4,19803
4,19901
4,19970
4,20151
4,20746
4,20770
4,20782
4,20850
4,20906
4,21030
4,21090
4,21208
4,21228
4,21239
4,22193
4,22204
4,22405
4,22554
4,22601
4,23086
4,23220
4,23322
4,23323
4,23430
4,23701
4,23702
4,23801
4,23836
4,24060
4,24202
4,24401
4,25571
4,25901
4,26070
4,26431
4,27055
4,27253
4,27511
4,27519
4,27524
4,27549
4,27615
4,27616
4,27704
4,27707
4,27837
4,27855
4,27929
4,28120
4,28152
4,28209
4,28226
4,28227
4,28307
4,28334
4,28411
4,28461
4,28650
4,28697
4,29016
4,29033
4,29223
4,29341
4,29431
4,29436
4,29440
4,29566
4,29575
4,29582
4,29609
4,29620
4,29697
4,29708
4,29812
4,30019
4,30040
4,30058
4,30180
4,30188
4,30224
4,30265
4,30286
4,30305
4,30311
4,30577
4,30605
4,30606
4,30635
4,30728
4,30809
4,30817
4,31082
4,31520
4,31792
4,31820
4,32082
4,32141
4,32216
4,32233
4,32250
4,32257
4,32311
4,32407
4,32514
4,32548
4,32563
4,32571
4,32607
4,32703
4,32792
4,32810
4,32817
4,32818
4,32826
4,32907
4,32931
4,33032
4,33033
4,33065
4,33069
4,33125
4,33127
4,33134
4,33135
4,33414
4,33523
4,33541
4,33610
4,33761
4,33801
4,33803
4,33813
4,33952
4,34287
4,34601
4,34606
4,34683
4,34691
4,34758
4,34769
4,34785
4,34952
4,35007
4,35124
4,35206
4,35620
4,35749
4,35967
4,35976
4,36066
4,36109
4,36360
4,36420
4,36567
4,36571
4,36863
4,37172
4,37174
4,37208
4,37307
4,37379
4,37419
4,37664
4,37777
4,38024
4,38116
4,38122
4,38231
4,38637
4,39056
4,39305
4,39350
4,39520
4,39560
4,39571
4,39573
4,39576
4,39705
4,40047
4,40065
4,40210
4,40214
4,40241
4,41011
4,41164
4,42071
4,42223
4,42420
4,42642
4,43065
4,43078
4,43206
4,43221
4,43420
4,43515
4,43607
4,43611
4,43812
4,44055
4,44077
4,44087
4,44126
4,44134
4,44135
4,44137
4,44243
4,44306
4,44622
4,44905
4,44906
4,45202
4,45223
4,45224
4,45230
4,45248
4,45377
4,45405
4,45459
4,45506
4,45680
4,46203
4,46237
4,46260
4,46324
4,46514
4,46755
4,46806
4,46808
4,47240
4,47265
4,47331
4,47401
4,47807
4,48088
4,48105
4,48108
4,48114
4,48198
4,48218
4,48219
4,48229
4,48328
4,48331
4,48383
4,48451
4,48462
4,48504
4,48629
4,48734
4,49009
4,49079
4,49315
4,49401
4,49506
4,49858
4,50023
4,50138
4,50263
4,50312
4,50327
4,50616
4,50702
4,52241
4,52242
4,52537
4,52776
4,52803
4,52807
4,53021
4,53029
4,53143
4,53186
4,53204
4,53209
4,53219
4,53406
4,53575
4,53703
4,53818
4,54001
4,54166
4,54476
4,54904
4,54937
4,55044
4,55076
4,55103
4,55109
4,55122
4,55124
4,55125
4,55318
4,55337
4,55416
4,55423
4,55432
4,55904
4,56201
4,56401
4,56601
4,57006
4,59427
4,60018
4,60046
4,60060
4,60098
4,60102
4,60110
4,60115
4,60139
4,60153
4,60169
4,60192
4,60202
4,60426
4,60433
4,60442
4,60467
4,60473
4,60510
4,60625
4,60632
4,60661
4,61356
4,61364
4,61443
4,61523
4,61604
4,61801
4,61856
4,61866
4,62024
4,62034
4,62258
4,62702
4,63042
4,63052
4,63119
4,63135
4,63136
4,63366
4,63367
4,64015
4,64128
4,64152
4,64683
4,64836
4,65065
4,65233
4,65401
4,65584
4,65802
4,66112
4,66210
4,66211
4,66217
4,66441
4,66502
4,66749
4,67207
4,67217
4,67501
4,67502
4,67601
4,67846
4,68502
4,68787
4,70084
4,70117
4,70123
4,70380
4,70552
4,70578
4,70582
4,70586
4,70714
4,70814
4,71129
4,71303
4,71854
4,72019
4,72205
4,72472
4,72601
4,73020
4,73064
4,73072
4,73086
4,73112
4,73127
4,73132
4,73170
4,74006
4,74011
4,74055
4,74066
4,74075
4,74137
4,74432
4,74601
4,74701
4,75074
4,75092
4,75098
4,75119
4,75161
4,75215
4,75227
4,75240
4,75482
4,75751
4,75762
4,76013
4,76017
4,76053
4,76063
4,76086
4,76107
4,76111
4,76227
4,76544
4,76574
4,77073
4,77075
4,77077
4,77477
4,77479
4,77494
4,77530
4,77536
4,77575
4,77630
4,77803
4,77836
4,77840
4,77904
4,78132
4,78148
4,78209
4,78222
4,78504
4,78582
4,78597
4,78748
4,78749
4,78753
4,79336
4,79605
4,80122
4,80209
4,80215
4,80241
4,80751
4,81052
4,81334
4,83209
4,83501
4,83843
4,84005
4,84040
4,84088
4,84341
4,84401
4,84604
4,84721
4,85009
4,85014
4,85379
4,85546
4,85712
4,87121
4,87144
4,89005
4,89029
4,89052
4,89084
4,89101
4,89103
4,89113
4,89143
4,89148
4,89511
4,89521
4,90014
4,90043
4,90046
4,90221
4,90242
4,90291
4,90292
4,90606
4,90701
4,90723
4,90731
4,90802
4,90807
4,91010
4,91104
4,91306
4,91355
4,91702
4,91723
4,91744
4,91761
4,91765
4,91911
4,92025
4,92104
4,92129
4,92225
4,92284
4,92307
4,92354
4,92557
4,92592
4,92672
4,92688
4,92703
4,92708
4,92808
4,92843
4,93021
4,93033
4,93060
4,93117
4,93274
4,93422
4,93612
4,93710
4,94002
4,94110
4,94116
4,94122
4,94534
4,94541
4,94550
4,94553
4,94610
4,94803
4,94928
4,95240
4,95336
4,95355
4,95368
4,95382
4,95451
4,95492
4,95620
4,95747
4,95762
4,96080
4,96150
4,96744
4,96746
4,96761
4,97080
4,97103
4,97225
4,97230
4,97236
4,97361
4,97601
4,97850
4,98026
4,98052
4,98092
4,98226
4,98408
4,98684
4,98837
4,98926
4,99337
4,99504
4,99701
5,01440
5,01501
5,01569
5,01752
5,01801
5,01841
5,01913
5,01923
5,02038
5,02062
5,02067
5,02127
5,02190
5,02359
5,02452
5,02816
5,02842
5,02857
5,02861
5,02909
5,02910
5,02917
5,02920
5,03054
5,03254
5,04101
5,04106
5,04429
5,05201
5,05602
5,05701
5,06109
5,06269
5,06360
5,06424
5,06610
5,06759
5,06831
5,06870
5,07018
5,07052
5,07407
5,07419
5,07422
5,07508
5,07514
5,07740
5,07747
5,07801
5,08015
5,08021
5,08030
5,08052
5,08062
5,08070
5,08108
5,08110
5,08731
5,08736
5,08822
5,08859
5,08861
5,10128
5,10199
5,10549
5,10566
5,10583
5,10704
5,11003
5,11104
5,11210
5,11220
5,11355
5,11378
5,11428
5,11433
5,11520
5,11552
5,11561
5,11590
5,11731
5,11784
5,11787
5,11953
5,12054
5,12189
5,12205
5,12304
5,12307
5,12528
5,12586
5,12721
5,12804
5,12831
5,12983
5,13021
5,13032
5,13039
5,13057
5,13066
5,13080
5,13820
5,14092
5,14527
5,14559
5,14606
5,14609
5,15203
5,15212
5,15237
5,15239
5,15683
5,16407
5,17022
5,17104
5,17110
5,17257
5,17325
5,17901
5,18045
5,18064
5,18505
5,18512
5,18640
5,18840
5,19007
5,19050
5,19067
5,19103
5,19136
5,19142
5,19147
5,19460
5,19702
5,19971
5,20002
5,20169
5,20817
5,21045
5,21078
5,21206
5,21214
5,21221
5,21224
5,21237
5,21702
5,21742
5,21784
5,21911
5,21921
5,22041
5,22602
5,22630
5,23185
5,23223
5,23235
5,23452
5,23662
5,23703
5,24015
5,24018
5,24153
5,25704
5,26164
5,27107
5,27278
5,27526
5,27537
5,27591
5,27607
5,27705
5,27804
5,27889
5,28025
5,28086
5,28105
5,28213
5,28273
5,28374
5,28412
5,28443
5,28451
5,28601
5,28752
5,28804
5,29010
5,29063
5,29360
5,29532
5,29556
5,29655
5,29687
5,29909
5,30021
5,30043
5,30083
5,30092
5,30115
5,30149
5,30153
5,30316
5,30350
5,30401
5,30519
5,30655
5,30705
5,31326
5,31410
5,31533
5,31545
5,31701
5,31763
5,31909
5,32034
5,32068
5,32117
5,32162
5,32208
5,32211
5,32254
5,32259
5,32277
5,32301
5,32303
5,32312
5,32533
5,32539
5,32540
5,32583
5,32606
5,32724
5,32738
5,32754
5,32757
5,32801
5,32837
5,32905
5,32940
5,33023
5,33040
5,33132
5,33142
5,33157
5,33165
5,33311
5,33351
5,33411
5,33441
5,33544
5,33592
5,33607
5,33624
5,33771
5,33917
5,33950
5,34119
5,34602
5,34610
5,34695
5,35055
5,35205
5,35768
5,35811
5,35901
5,36078
5,36081
5,36426
5,36477
5,36832
5,36867
5,37110
5,37334
5,37406
5,37415
5,37760
5,37766
5,37774
5,37814
5,37830
5,37919
5,38751
5,39047
5,39208
5,39443
5,39562
5,39648
5,39828
5,40031
5,40175
5,40208
5,40216
5,40222
5,40299
5,40475
5,40508
5,40517
5,42104
5,42276
5,43068
5,43076
5,43232
5,43326
5,43402
5,43528
5,43567
5,44024
5,44030
5,44053
5,44102
5,44109
5,44116
5,44118
5,44136
5,44142
5,44143
5,44146
5,44147
5,44201
5,44240
5,44312
5,44420
5,44484
5,44485
5,44511
5,44820
5,44875
5,44890
5,45102
5,45103
5,45133
5,45249
5,45309
5,45320
5,45345
5,45371
5,45429
5,46052
5,46226
5,46227
5,46312
5,46375
5,46580
5,46750
5,46970
5,47025
5,47172
5,47274
5,47362
5,47630
5,47715
5,48026
5,48091
5,48092
5,48161
5,48185
5,48192
5,48197
5,48220
5,48225
5,48302
5,48329
5,48342
5,48609
5,48623
5,48653
5,48706
5,48801
5,49006
5,49230
5,49445
5,49548
5,49660
5,49712
5,49783
5,49829
5,50216
5,50317
5,50401
5,50613
5,50801
5,52632
5,53012
5,53024
5,53081
5,53090
5,53128
5,53168
5,53578
5,53713
5,53913
5,54650
5,54656
5,54901
5,54913
5,54915
5,54961
5,55379
5,55746
5,55912
5,56303
5,56308
5,57105
5,58104
5,59715
5,59937
5,60007
5,60026
5,60045
5,60081
5,60126
5,60173
5,60181
5,60305
5,60453
5,60516
5,60527
5,60540
5,60561
5,60619
5,60626
5,60652
5,60657
5,60660
5,61021
5,61073
5,61244
5,61254
5,61820
5,62088
5,62301
5,62656
5,62801
5,64068
5,64133
5,65109
5,65301
5,65714
5,65721
5,66801
5,67005
5,67876
5,68116
5,68132
5,68137
5,68701
5,69101
5,69341
5,69361
5,70047
5,70058
5,70119
5,70122
5,70127
5,70128
5,70339
5,70508
5,70611
5,70665
5,70669
5,70764
5,71109
5,71111
5,71112
5,72104
5,72753
5,72761
5,72956
5,73018
5,73047
5,73107
5,73135
5,74115
5,74434
5,74447
5,74820
5,75002
5,75006
5,75063
5,75103
5,75149
5,75206
5,75243
5,75503
5,75647
5,75961
5,76040
5,76248
5,76522
5,77008
5,77023
5,77340
5,77449
5,77503
5,77554
5,77581
5,77979
5,78028
5,78133
5,78218
5,78228
5,78251
5,78260
5,78577
5,78624
5,78636
5,78640
5,78745
5,78759
5,78945
5,79072
5,79915
5,80228
5,81050
5,82604
5,84057
5,85008
5,85128
5,85308
5,85335
5,85635
5,86336
5,87105
5,88005
5,88210
5,89134
5,89139
5,89145
5,89431
5,90008
5,90034
5,90045
5,90065
5,90275
5,90302
5,90620
5,90650
5,91362
5,91402
5,91423
5,91764
5,91950
5,92101
5,92105
5,92122
5,92124
5,92131
5,92201
5,92220
5,92404
5,92583
5,92630
5,92691
5,92704
5,92780
5,92887
5,93035
5,93436
5,93702
5,93703
5,93711
5,93730
5,94085
5,94086
5,94305
5,94513
5,94527
5,94533
5,94568
5,94587
5,94704
5,95051
5,95125
5,95301
5,95377
5,95602
5,95843
5,96725
5,96732
5,96734
5,96816
5,97031
5,97035
5,97267
5,97367
5,97401
5,97502
5,98042
5,98053
5,98056
5,98115
5,98125
5,98239
5,98902
5,98944
5,99336
5,99712
6,01001
6,01002
6,01075
6,01516
6,01545
6,01604
6,01851
6,01906
6,02152
6,02368
6,02445
6,03053
6,03060
6,03104
6,03301
6,04011
6,04073
6,04103
6,04416
6,04769
6,06114
6,06451
6,06492
6,06614
6,06810
6,06854
6,06880
6,06883
6,07047
6,07083
6,07202
6,07310
6,07410
6,07503
6,07626
6,07675
6,08037
6,08077
6,08105
6,08332
6,08723
6,08757
6,08869
6,10021
6,10030
6,10455
6,10473
6,10543
6,11103
6,11365
6,11367
6,11413
6,11420
6,11430
6,11435
6,11720
6,11763
6,11968
6,12306
6,12701
6,13676
6,14072
6,14227
6,14617
6,14621
6,14623
6,14760
6,14905
6,15044
6,15701
6,15905
6,16057
6,16502
6,16735
6,16823
6,17011
6,17042
6,17046
6,17111
6,17603
6,17745
6,17801
6,17870
6,18103
6,18252
6,18466
6,19064
6,19128
6,19601
6,19808
6,19966
6,19973
6,20032
6,20170
6,20646
6,20653
6,20740
6,20851
6,20874
6,20901
6,21061
6,21117
6,21201
6,21220
6,21234
6,21740
6,21811
6,22003
6,22042
6,22603
6,23224
6,23455
6,23692
6,23834
6,24179
6,24701
6,25601
6,25646
6,25701
6,27540
6,27576
6,27608
6,27612
6,27892
6,28081
6,28115
6,28117
6,28147
6,28214
6,28337
6,28348
6,28360
6,28409
6,28472
6,28584
6,29203
6,29464
6,29706
6,29902
6,29910
6,30012
6,30024
6,30044
6,30047
6,30066
6,30071
6,30238
6,30273
6,30274
6,30349
6,31419
6,31547
6,31905
6,32159
6,32168
6,32221
6,32256
6,32433
6,32503
6,32541
6,32608
6,32828
6,32927
6,33016
6,33178
6,33321
6,33430
6,33612
6,33763
6,33810
6,33905
6,34286
6,34609
6,34698
6,34747
6,35160
6,35173
6,35216
6,35242
6,35405
6,35801
6,35803
6,36330
6,36535
6,37122
6,37388
6,37743
6,37918
6,38104
6,38135
6,38343
6,40204
6,40272
6,40741
6,42262
6,43506
6,43560
6,43935
6,44094
6,44106
6,44122
6,44124
6,44278
6,44310
6,44319
6,44410
6,44509
6,44709
6,44903
6,45042
6,45245
6,45331
6,45385
6,45415
6,46229
6,46360
6,46902
6,46952
6,47130
6,47714
6,47960
6,48021
6,48060
6,48067
6,48084
6,48124
6,48135
6,48169
6,48186
6,48195
6,48235
6,48236
6,48313
6,48320
6,48340
6,48380
6,48642
6,48917
6,49002
6,49015
6,49022
6,49091
6,49221
6,49341
6,49423
6,49519
6,49770
6,50158
6,50309
6,50677
6,51501
6,52806
6,53129
6,53188
6,53211
6,53215
6,53220
6,53227
6,53590
6,54220
6,54241
6,54313
6,54482
6,54636
6,54660
6,54751
6,55033
6,55443
6,56377
6,56649
6,57501
6,58601
6,59808
6,60016
6,60031
6,60047
6,60130
6,60189
6,60402
6,60432
6,60502
6,60543
6,60608
6,60616
6,60622
6,60634
6,60640
6,60804
6,61109
6,61611
6,63017
6,63116
6,63131
6,64134
6,64506
6,67042
6,67661
6,67801
6,68105
6,68107
6,70037
6,70056
6,70435
6,71753
6,72032
6,72301
6,72762
6,73099
6,73160
6,74106
6,74127
6,74346
6,74804
6,74868
6,75060
6,75061
6,75126
6,75231
6,75771
6,76116
6,76935
6,77080
6,77089
6,77316
6,77584
6,77705
6,78249
6,78410
6,78572
6,78628
6,78654
6,78664
6,78840
6,81008
6,82401
6,82901
6,84003
6,84108
6,85139
6,85201
6,85225
6,85373
6,87111
6,87505
6,88352
6,89117
6,89128
6,89410
6,89423
6,89703
6,90004
6,90019
6,90201
6,90222
6,90241
6,90280
6,90504
6,90631
6,91304
6,91316
6,91342
6,91344
6,91770
6,91789
6,91910
6,91913
6,92011
6,92020
6,92064
6,92102
6,92203
6,92346
6,92530
6,92570
6,92679
6,93277
6,94306
6,94501
6,94530
6,94947
6,95687
6,96701
6,96793
6,97006
6,97317
6,97333
6,97381
6,97702
6,98021
6,98332
6,98362
6,98580
6,98632
6,99354
6,99517
7,01060
7,01089
7,01238
7,01702
7,01826
7,01970
7,02472
7,02891
7,02895
7,02914
7,04005
7,04401
7,06053
7,06107
7,06450
7,06457
7,06776
7,07003
7,07008
7,07010
7,07011
7,07024
7,07026
7,07036
7,07093
7,07105
7,07106
7,07109
7,07430
7,07646
7,07670
7,07724
7,07735
7,07748
7,07834
7,07840
7,07876
7,08080
7,08232
7,08648
7,08742
7,08759
7,08816
7,08830
7,08844
7,10471
7,11050
7,11105
7,11224
7,11231
7,11530
7,11542
7,11801
7,11971
7,12078
7,12144
7,12222
7,12309
7,13027
7,13045
7,13090
7,13501
7,13850
7,14048
7,14075
7,14120
7,14221
7,14802
7,15001
7,15108
7,15132
7,15236
7,16101
7,16117
7,16801
7,17331
7,17356
7,19018
7,19033
7,20110
7,20708
7,20852
7,21122
7,21207
7,21230
7,22306
7,22407
7,22901
7,22904
7,23116
7,23228
7,23503
7,23518
7,23602
7,23860
7,24540
7,25314
7,26501
7,27106
7,27360
7,27510
7,28269
7,28376
7,28546
7,28607
7,29073
7,29550
7,30017
7,30101
7,30125
7,30126
7,30141
7,30315
7,30680
7,30721
7,30830
7,31021
7,31216
7,31313
7,31322
7,31705
7,31730
7,32065
7,32119
7,32205
7,32444
7,32526
7,32746
7,32806
7,32808
7,32935
7,33130
7,33161
7,33319
7,33463
7,33614
7,33805
7,33844
7,33914
7,34761
7,34957
7,36027
7,36265
7,36703
7,36854
7,37015
7,37072
7,37221
7,37412
7,37748
7,37813
7,38117
7,38118
7,39120
7,39157
7,40391
7,41501
7,42001
7,42101
7,42431
7,42701
7,43016
7,43050
7,43082
7,43119
7,43224
7,43605
7,43614
7,44057
7,44060
7,44089
7,44123
7,44125
7,44406
7,44505
7,44706
7,44811
7,45140
7,45205
7,45215
7,45240
7,45324
7,45424
7,45822
7,46060
7,46077
7,46307
7,46320
7,46563
7,46901
7,46947
7,47150
7,47591
7,47809
7,48044
7,48111
7,48141
7,48174
7,48188
7,48202
7,48228
7,48326
7,48446
7,48750
7,49048
7,49203
7,49417
7,49431
7,49442
7,49601
7,50201
7,50315
7,50707
7,52302
7,52804
7,53051
7,53066
7,53210
7,53217
7,53555
7,54902
7,55110
7,55113
7,55431
7,55901
7,58501
7,58504
7,59722
7,60014
7,60101
7,60411
7,60436
7,60466
7,60491
7,60643
7,60647
7,60901
7,61832
7,61938
7,62002
7,62040
7,62703
7,62959
7,63080
7,63601
7,63901
7,64063
7,64116
7,64118
7,65202
7,65605
7,65708
7,65803
7,66047
7,66202
7,67212
7,68025
7,68801
7,70005
7,70392
7,70448
7,70458
7,70540
7,70808
7,71055
7,72712
7,74014
7,74105
7,74107
7,75081
7,75150
7,75216
7,75402
7,76205
7,77346
7,77365
7,77651
7,78207
7,78211
7,78232
7,78233
7,78247
7,78250
7,78332
7,78660
7,78702
7,78723
7,79007
7,79720
7,81403
7,82009
7,84070
7,85048
7,85193
7,85224
7,87112
7,88310
7,89032
7,90042
7,90605
7,90660
7,90804
7,91325
7,91711
7,91730
7,91768
7,92114
7,92117
7,92154
7,92253
7,92553
7,92804
7,92841
7,92882
7,93003
7,93215
7,93314
7,93401
7,93619
7,94080
7,94403
7,94536
7,94558
7,94560
7,94577
7,94583
7,94590
7,95037
7,95628
7,95961
7,96001
7,96818
7,97013
7,97322
7,97365
7,97526
7,97701
7,98003
7,98058
7,98277
7,98387
7,98391
7,98801
7,99362
7,99577
7,99801
8,01420
8,02131
8,02135
8,02767
8,02919
8,03038
8,03246
8,03801
8,03833
8,06074
8,06605
8,06897
8,07050
8,07060
8,07504
8,07753
8,07920
8,07960
8,08012
8,08401
8,08721
8,08817
8,10003
8,10465
8,10509
8,10528
8,10550
8,10598
8,11106
8,11377
8,11717
8,11901
8,12061
8,12401
8,12590
8,12901
8,14004
8,14424
8,15010
8,15068
8,15317
8,17406
8,17522
8,17543
8,18062
8,18104
8,19082
8,19111
8,19134
8,19140
8,19141
8,19152
8,19154
8,19720
8,21204
8,21222
8,21401
8,22191
8,22485
8,23061
8,23457
8,23464
8,24112
8,24201
8,25526
8,25550
8,27288
8,27295
8,28078
8,28216
8,28304
8,28501
8,28557
8,28677
8,28787
8,28791
8,29169
8,29229
8,29412
8,29841
8,30034
8,30127
8,30152
8,30165
8,30215
8,30260
8,30904
8,31406
8,32073
8,32725
8,32765
8,32953
8,33009
8,33334
8,33615
8,33772
8,33781
8,33880
8,33972
8,34221
8,34420
8,34446
8,34997
8,35211
8,35611
8,36054
8,37042
8,37055
8,37075
8,37167
8,37206
8,37643
8,38016
8,38053
8,38109
8,38464
8,38655
8,39206
8,39401
8,40160
8,40219
8,40229
8,40503
8,41042
8,42501
8,43017
8,43074
8,43081
8,43207
8,43227
8,43228
8,43623
8,44256
8,44515
8,44691
8,45208
8,45211
8,45365
8,46410
8,46802
8,47201
8,47907
8,48043
8,48104
8,48127
8,48336
8,48505
8,48603
8,48855
8,49036
8,49441
8,52001
8,52402
8,52404
8,53154
8,54494
8,54911
8,55455
8,56001
8,56073
8,57078
8,59404
8,59405
8,59501
8,59601
8,60050
8,60107
8,60160
8,60409
8,60419
8,60440
8,60609
8,60615
8,60618
8,60638
8,60655
8,61081
8,61265
8,61401
8,61571
8,64114
8,65201
8,65616
8,66030
8,66213
8,66215
8,68521
8,70043
8,70118
8,71106
8,72390
8,72450
8,72764
8,73503
8,73703
8,75042
8,75043
8,75062
8,75068
8,75501
8,75766
8,75951
8,76049
8,76112
8,76182
8,77489
8,77546
8,77586
8,77590
8,77619
8,77901
8,78155
8,78216
8,78221
8,78242
8,78415
8,78574
8,78596
8,78852
8,80302
8,82801
8,84015
8,84095
8,84119
8,85016
8,85118
8,85349
8,85501
8,85607
8,89119
8,89183
8,90036
8,90044
8,90247
8,90621
8,90680
8,91502
8,91776
8,91786
8,92024
8,92037
8,92111
8,92227
8,92545
8,92571
8,92649
8,92673
8,92886
8,93230
8,93307
8,93446
8,93561
8,93920
8,94523
8,95608
8,96792
8,97217
8,98273
8,98520
9,01040
9,01453
9,01810
9,01844
9,02169
9,02360
9,03062
9,03867
9,06076
9,06320
9,07030
9,07095
9,07424
9,07843
9,08054
9,08060
9,08096
9,08204
9,10016
9,10023
9,10461
9,10538
9,10606
9,10950
9,11102
9,11201
9,11206
9,11211
9,11225
9,11229
9,11233
9,11385
9,12020
9,12303
9,12508
9,12601
9,13357
9,13440
9,14103
9,14456
9,14616
9,14620
9,14845
9,15235
9,15401
9,17601
9,18235
9,18603
9,19063
9,19116
9,19143
9,19713
9,19968
9,20020
9,21060
9,21144
9,22304
9,22980
9,24501
9,24541
9,24614
9,25661
9,26059
9,27606
9,28001
9,28012
9,28031
9,28056
9,28150
9,28539
9,28625
9,29518
9,29579
9,29621
9,30039
9,30076
9,30084
9,30093
9,30236
9,30310
9,30501
9,30542
9,30601
9,30736
9,30813
9,31503
9,31707
9,31794
9,32129
9,32206
9,32225
9,32244
9,32404
9,32566
9,32714
9,32789
9,32948
9,33025
9,33064
9,33131
9,33605
9,34223
9,34465
9,34772
9,35020
9,35222
9,36608
9,37355
9,37803
9,37920
9,38301
9,38652
9,38672
9,40324
9,40403
9,43040
9,43204
9,43230
9,43235
9,43311
9,43410
9,43613
9,44107
9,44446
9,44720
9,45011
9,45212
9,45236
9,45458
9,46143
9,46350
9,46383
9,47421
9,47802
9,48371
9,48433
9,50501
9,50701
9,52722
9,52732
9,53142
9,53150
9,53221
9,54303
9,54401
9,54403
9,54880
9,55106
9,55330
9,57103
9,57201
9,57401
9,58103
9,58703
9,60004
9,60452
9,60462
9,60629
9,60914
9,61108
9,61354
9,62234
9,63090
9,63801
9,66604
9,68134
9,70003
9,70070
9,70131
9,70501
9,70506
9,70510
9,70517
9,70791
9,70816
9,71107
9,72023
9,72076
9,72209
9,73044
9,73110
9,73401
9,73533
9,75023
9,75051
9,75057
9,76133
9,76240
9,76301
9,76302
9,76712
9,77459
9,77521
9,77632
9,78223
9,78245
9,78413
9,78550
9,78666
9,78704
9,79701
9,79762
9,80013
9,80701
9,81504
9,85268
9,85339
9,89107
9,89110
9,89129
9,89442
9,90710
9,91311
9,91331
9,91710
9,91748
9,91941
9,91942
9,91977
9,92028
9,92109
9,92316
9,92324
9,92336
9,92562
9,92677
9,92807
9,92840
9,92867
9,93727
9,94566
9,95548
9,95901
9,95949
9,96706
9,96768
9,97128
9,97420
9,97527
9,98271
9,99508
10,01109
10,01845
10,01950
10,02148
10,02189
10,02720
10,02780
10,02893
10,03820
10,06902
10,07080
10,07110
10,08075
10,08753
10,08857
10,10011
10,10451
10,11205
10,11572
10,11756
10,12010
10,12550
10,13126
10,13210
10,14216
10,14450
10,14607
10,15425
10,16335
10,18017
10,18360
10,18407
10,18509
10,19124
10,19129
10,19138
10,19403
10,19611
10,20009
10,22401
10,22801
10,22903
10,23188
10,26062
10,27203
10,27302
10,27502
10,27520
10,27536
10,27870
10,28146
10,28311
10,28333
10,28659
10,28715
10,29316
10,29640
10,30016
10,30022
10,30120
10,30458
10,30907
10,31324
10,32177
10,32304
10,32934
10,33021
10,33170
10,33177
10,33604
10,33611
10,33948
10,34653
10,34668
10,34787
10,35504
10,37064
10,37115
10,39042
10,40004
10,42301
10,43512
10,43725
10,44039
10,44120
10,44833
10,44907
10,45219
10,45356
10,45373
10,45414
10,48073
10,48085
10,48126
10,48166
10,48430
10,49201
10,52601
10,53144
10,53704
10,54302
10,54914
10,54956
10,55060
10,55811
10,55906
10,58201
10,60085
10,60649
10,61554
10,62025
10,64093
10,64119
10,64507
10,70002
10,70401
10,70560
10,70663
10,71201
10,71446
10,72501
10,72903
10,74403
10,74501
10,75287
10,75460
10,76548
10,76549
10,77566
10,78213
10,78230
10,78244
10,78411
10,78521
10,78665
10,78741
10,78758
10,80005
10,80525
10,83702
10,83854
10,85281
10,85326
10,89115
10,90003
10,90262
10,90404
10,91335
10,91387
10,92040
10,92234
10,92345
10,92407
10,92604
10,92626
10,92701
10,94578
10,94709
10,95020
10,95035
10,96786
10,96819
11,01022
11,02124
11,02130
11,02703
11,02886
11,02906
11,03103
11,04240
11,06040
11,07480
11,07644
11,08046
11,08360
11,08854
11,10002
11,10031
11,10314
11,10562
11,11412
11,11417
11,11421
11,12065
11,12866
11,13662
11,14626
11,15642
11,16001
11,18302
11,19363
11,19465
11,20737
11,23451
11,23666
11,24016
11,26301
11,26554
11,27320
11,27332
11,27513
11,27587
11,27909
11,28052
11,28079
11,28658
11,29349
11,29414
11,29461
11,29526
11,30014
11,30132
11,30223
11,32025
11,32164
11,33186
11,33594
11,33991
11,34689
11,36116
11,36117
11,37087
11,37421
11,38127
11,38128
11,38401
11,38732
11,39110
11,39440
11,39759
11,40353
11,41472
11,42003
11,42240
11,43209
11,43551
11,44001
11,44601
11,45044
11,45069
11,45251
11,45505
11,46368
11,46407
11,47906
11,48146
11,48182
11,48310
11,49424
11,49905
11,51503
11,52501
11,53151
11,53916
11,55987
11,57301
11,59901
11,60056
11,60628
11,61704
11,62521
11,67401
11,67530
11,68005
11,70301
11,70454
11,70815
11,71291
11,72116
11,75652
11,75701
11,75904
11,76067
11,77469
11,77662
11,78045
11,78613
11,80111
11,80501
11,81003
11,82001
11,83301
11,85365
11,86442
11,89147
11,91202
11,92027
11,92115
11,92236
11,92405
11,94124
11,94538
11,94591
11,94596
11,94804
11,95060
11,95966
11,96740
11,98023
11,98033
11,98499
12,02151
12,02860
12,02903
12,04901
12,06489
12,07055
12,07442
12,07621
12,07663
12,08081
12,08205
12,08701
12,10022
12,11204
12,11219
12,11230
12,11373
12,11691
12,11725
12,11758
12,12603
12,14222
12,15301
12,16148
12,17015
12,17701
12,19149
12,20706
12,20747
12,20879
12,20902
12,21502
12,21701
12,21804
12,22203
12,25705
12,27260
12,27406
12,28144
12,28314
12,28540
12,28712
12,29118
12,29445
12,29485
12,29681
12,29803
12,31404
12,31768
12,32114
12,33030
12,33169
12,33563
12,33823
12,34947
12,35630
12,35758
12,36205
12,36830
12,37013
12,37312
12,37343
12,38654
12,39532
12,43015
12,43452
12,43920
12,44035
12,44113
12,44266
12,44281
12,44857
12,45417
12,45690
12,45701
12,45750
12,46201
12,47803
12,47905
12,48101
12,48183
12,48420
12,48458
12,48601
12,48838
12,53202
12,54868
12,57106
12,59102
12,60008
12,62526
12,63640
12,63701
12,70068
12,71270
12,71302
12,71457
12,71730
12,72758
12,73003
12,73505
12,74074
12,75455
12,76710
12,77338
12,78130
12,79761
12,80020
12,80129
12,80634
12,85374
12,88220
12,90220
12,90706
12,91101
12,93268
12,93905
12,94519
12,95610
12,95691
12,95742
12,96003
12,97603
12,98908
13,01570
13,06082
13,06516
13,06851
13,07087
13,07104
13,07111
13,07726
13,10977
13,11372
13,11510
13,11757
13,13601
13,13901
13,14580
13,19120
13,19146
13,19806
13,19904
13,27410
13,27534
13,27893
13,28212
13,28504
13,28532
13,28602
13,29501
13,29585
13,29673
13,29745
13,30038
13,30240
13,30252
13,30281
13,31093
13,31525
13,32218
13,32547
13,32570
13,32909
13,33442
13,33782
13,33870
13,33884
13,35151
13,37066
13,37214
13,37604
13,38501
13,38671
13,38801
13,38930
13,39212
13,43612
13,44052
13,44512
13,45005
13,45040
13,45177
13,45342
13,45640
13,46516
13,48071
13,48162
13,48858
13,48867
13,49017
13,51104
13,52240
13,53511
13,54449
13,54601
13,60148
13,60430
13,60620
13,60637
13,61350
13,62864
13,68046
13,71220
13,72315
13,72653
13,73010
13,73071
13,74104
13,75703
13,76707
13,77379
13,78108
13,83404
13,85295
13,86305
13,90301
13,92126
13,92263
13,92335
13,92660
13,93030
13,95337
13,95993
14,01854
14,01960
14,02121
14,02740
14,06105
14,07013
14,07054
14,08901
14,10459
14,10475
14,11710
14,11743
14,12553
14,14020
14,14843
14,19104
14,19151
14,20744
14,20904
14,25177
14,28210
14,29626
14,29720
14,30344
14,31602
14,31907
14,32084
14,32763
14,32771
14,33010
14,34203
14,35810
14,35903
14,36067
14,37040
14,37211
14,40351
14,43953
14,44145
14,44236
14,44507
14,45014
14,45840
14,46037
14,46616
14,47304
14,48093
14,49007
14,49307
14,49855
14,53405
14,60506
14,61259
14,63010
14,63401
14,65203
14,67867
14,68601
14,71360
14,74012
14,76502
14,76708
14,79936
14,84020
14,85323
14,92069
14,93065
14,93109
14,95404
14,98312
14,98366
15,01085
15,02155
15,02721
15,04330
15,08840
15,10033
15,10457
15,11223
15,11237
15,12180
15,14305
15,19020
15,25404
15,28092
15,28277
15,28562
15,29115
15,29170
15,29536
15,30052
15,30088
15,30135
15,31210
15,32780
15,33012
15,33015
15,33511
15,34293
15,34748
15,37076
15,38305
15,40422
15,43026
15,43123
15,44212
15,44460
15,45322
15,49684
15,60201
15,61201
15,61821
15,68503
15,70810
15,72204
15,72802
15,75038
15,75040
15,75602
15,77642
15,79912
15,81212
15,85226
15,85286
15,91737
15,92683
15,93454
15,95624
15,98059
15,98229
16,07206
16,07601
16,10573
16,11746
16,13069
16,14224
16,17109
16,17202
16,20602
16,22030
16,27405
16,27803
16,27834
16,28027
16,28037
16,28110
16,28801
16,29072
16,30230
16,30741
16,31501
16,33418
16,34452
16,34684
16,35951
16,38018
16,39503
16,40701
16,43615
16,45231
16,45503
16,48047
16,48075
16,48154
16,48823
16,60544
16,63033
16,70726
16,72701
16,75034
16,76706
16,77302
16,89121
16,92881
16,95380
16,96720
16,98005
17,07302
17,10034
17,10454
17,11221
17,11772
17,14150
17,14850
17,15601
17,20019
17,23606
17,27030
17,28379
17,28645
17,29209
17,32174
17,33313
17,33569
17,35010
17,40601
17,45238
17,46016
17,47374
17,57701
17,60073
17,68104
17,70072
17,70605
17,75702
17,77429
17,78227
17,78526
17,88101
17,95503
18,02904
18,06905
18,07712
18,08527
18,10463
18,10472
18,11208
18,11214
18,11215
18,11704
18,13502
18,14701
18,16504
18,22192
18,27265
18,27284
18,34608
18,43130
18,43160
18,44663
18,48439
18,54703
18,55102
18,56301
18,70360
18,71110
18,77380
18,77493
18,78501
18,87106
18,89081
18,90250
18,90503
18,92019
18,92376
18,94544
18,97007
18,97301
18,97471
18,98373
19,06460
19,06790
19,10027
19,10801
19,11213
19,11222
19,11238
19,11368
19,11550
19,11706
19,14094
19,14470
19,14830
19,23434
19,23453
19,27529
19,28352
19,29651
19,36605
19,37620
19,44870
19,45805
19,52405
19,59701
19,66048
19,76021
19,82601
19,89031
19,91411
19,92071
19,92084
19,92648
19,97402
19,99507
20,02215
20,06606
20,26505
20,30080
20,34746
20,35023
20,35401
20,36301
20,37403
20,39301
20,41018
20,44883
20,45662
20,57104
20,70769
20,72034
20,76705
20,77845
20,79109
20,86411
20,92240
20,92260
20,92394
20,94509
20,96797
21,07201
21,07470
21,10032
21,27713
21,28054
21,28083
21,28358
21,28655
21,29407
21,29483
21,29732
21,30117
21,30263
21,30815
21,32712
21,33778
21,34116
21,34711
21,37130
21,53548
21,54935
21,61606
21,64050
21,70737
21,77573
21,92806
21,97504
21,98203
22,10940
22,11580
22,13760
22,17602
22,22310
22,23707
22,24901
22,27858
22,30096
22,30296
22,32839
22,43055
22,44646
22,45013
22,48423
22,62220
22,63376
22,76542
22,85142
22,85338
22,92243
22,92555
23,01609
23,07501
23,10467
23,10469
23,18704
23,27215
23,35805
23,44203
23,44703
23,45601
23,47405
23,55405
23,66102
23,74133
23,77018
23,78041
23,78416
23,98030
24,02139
24,06511
24,06604
24,10462
24,27292
24,27701
24,32966
24,33445
24,33765
24,39402
24,40502
24,48602
24,59101
24,70601
24,76903
24,90755
24,93304
24,93308
24,93536
25,02301
25,10029
25,11209
25,11354
25,11434
25,23320
25,34232
25,42141
25,43606
25,44004
25,45801
25,47711
25,48180
25,53218
25,70065
25,78154
25,79606
25,95678
25,98661
26,10025
26,11203
26,12206
26,17403
26,25801
26,27545
26,29306
26,29730
26,30909
26,33140
26,34471
26,36869
26,39213
26,60617
26,63021
26,95204
27,08610
27,29506
27,33966
27,34953
27,36305
27,37660
27,48503
27,49507
27,76015
27,92058
27,92543
27,98037
28,23221
28,26101
28,29404
28,29607
28,30032
28,31721
28,32308
28,33434
28,38756
28,71108
28,72401
28,80017
29,01201
29,11216
29,27040
29,35475
29,43302
29,45409
29,48708
29,70570
29,81501
30,10453
30,10466
30,11375
30,23669
30,27012
30,31204
30,62704
30,74112
30,99654
31,07017
31,14605
31,28403
31,31405
31,70503
31,98501
32,07002
32,11207
32,11212
32,21218
32,32405
32,33436
32,79410
32,92506
32,96822
33,10458
33,10468
33,11236
33,20001
33,27530
33,38115
33,46544
33,61107
33,95973
34,27403
34,30062
34,36606
34,37203
34,65807
35,13202
35,70116
35,79102
35,85364
35,91601
36,10452
36,31088
36,31906
36,33063
36,48915
37,29150
37,32605
37,33462
37,93552
38,29577
38,35601
38,48066
38,85260
39,33014
40,32207
40,37921
40,71203
40,77706
40,85345
40,89014
40,89512
41,44307
41,99207
42,07103
42,15219
42,30906
42,33713
42,70806
42,94602
43,10701
43,14211
43,25302
44,29204
44,43701
44,68114
44,79925
44,93704
44,95350
45,98418
46,10456
47,23509
47,45217
47,80916
48,95112
49,28305
50,76102
51,73102
51,94114
53,85382
54,40205
54,84115
55,85282
56,02118
56,33417
58,32505
58,33024
58,33603
60,97214
61,30046
62,32812
64,36106
64,38111
65,53208
68,11234
68,85205
70,67202
71,35233
75,48206
79,98104
80,64127
82,43211
82,46205
85,28207
91,19133
91,80203
94,27609
94,33317
101,92123
102,78703
104,95819
105,75204
105,85719
110,63110
110,78201
114,44127
132,10019
135,30309
140,10460
153,60612
173,85013
208,89102
222,33144
254,11226
265,90006
281,77007
